Workbook

Sheet Export Summary
B3: This document was exported from Numbers. Each table was converted to an Excel worksheet. All other objects on each Numbers sheet were placed on separate worksheets. Please be aware that formula calculations may differ in Excel.
B7: Numbers Sheet Name | C7: Numbers Table Name | D7: Excel Worksheet Name
B9: BL
C10: Table 1 | D10: BL
B11: PC
C12: Table 1 | D12: PC
B13: WesternTerrace
C14: Table 1 | D14: WesternTerrace
B15: North Rd
C16: Table 1 | D16: North Rd
B17: Lincoln Circus
C18: Table 1 | D18: Lincoln Circus
B19: newcastlecircus
C20: Table 1 | D20: newcastlecircus
B21: Park Drive
C22: Table 1 | D22: Park Drive
B23: Peveril Drive
C24: Table 1 | D24: Peveril Drive
B25: lentonave-dan
C26: Table 1 | D26: lentonave-dan
B27: Clumber rd W dan
C28: Table 1 | D28: Clumber rd W dan
B29: maxtoke rd dan
C30: Table 1 | D30: maxtoke rd dan
B31: clumbercress dan
C32: Table 1 | D32: clumbercress dan
B33: Cav cresn
C34: Table 1 | D34: Cav cresn
B35: southrd p 168
C36: Table 1 | D36: southrd p 168
B37: Cavendish Cres S p182
C38: Table 1 | D38: Cavendish Cres S p182
B39: holles cres p202
C40: Table 1 | D40: holles cres p202
B41: LentonRd p208
C42: Table 1 | D42: LentonRd p208
B43: Hermitage Walkp 256
C44: Table 1 | D44: Hermitage Walkp 256
B45: Kenilworthrd p 259
C46: Table 1 | D46: Kenilworthrd p 259
B47: fishpond drive p 286 418
C48: Table 1 | D48: fishpond drive p 286 418
B49: Hope Drive p.376
C50: Table 1 | D50: Hope Drive p.376
B51: comparison
C52: Table 1 | D52: comparison
B53: Personaloccupation
C54: Table 1 | D54: Personaloccupation
B55: template
C56: Table 1 | D56: template

Sheet BL
A1: House ID | B1: House Name | C1: NO. | D1: Address | E1: Family | F1: Name | G1: W/M/G/B | K1: Relationship to Head of family | Q1: Age | R1: Married/Single/Widow er | U1: Married yrs | V1: Children born | W1: children living | X1: Personal Occupation | Y1: Industry | Z1: Economic Participants | AA1: Employer/worker | AC1: Born
G2: W | H2: M | I2: G | J2: B | K2: HEAD women head | L2: WIFE | M2: daughter | N2: son | O2: Other | P2: Servant | R2: M | S2: S | T2: W | AA2: Employer | AB2: Worker | AC2: Nottinghamshire
A3: BL1 | C3: 10 | D3: Barrack Lane | E3: Derry | F3: George | H3: 1 | K3: 1 | Q3: 65 | R3: 1 | X3: Jobbing Gardener | Z3: 1 | AB3: 1 | AC3: 1
A4: BL1 | C4: 10 | D4: Barrack Lane | E4: Derry | F4: Sarah | G4: 1 | L4: 1 | Q4: 58 | R4: 1 | U4: 28 | V4: 4 | W4: 4 | AD4: Leicester
A5: BL1 | C5: 10 | D5: Barrack Lane | E5: Derry | F5: George | H5: 1 | N5: 1 | Q5: 18 | S5: 1 | X5: Warper | Y5: Incandesent Mantle | Z5: 1 | AB5: 1 | AC5: 1
A6: BL1 | C6: 10 | D6: barrack Lane | E6: derry | F6: Elizabeth | G6: 1 | M6: 1 | Q6: 26 | S6: 1 | X6: Domestic help | Z6: 1 | AB6: 1 | AC6: 1
A7: BL1 | C7: 10 | D7: Barrack Lane | E7: Derry | F7: Annie | G7: 1 | M7: 1 | Q7: 15 | S7: 1 | X7: Tailoress (Seamstress) | Z7: 1 | AB7: 1 | AC7: 1
A8: BL1 | C8: 10 | D8: Barrack Lane | E8: Derry | F8: Mabel Sarah | I8: 1 | O8: grand daugher | Q8: 7 | R8: - | S8: - | X8: child | AC8: 1
A9: BL2 | B9: Barrack Yard | D9: Barrack Lane | E9: Baker | F9: Elizabeth | G9: 1 | K9: 1 | Q9: 81 | T9: 1 | V9: 1 | W9: 1 | AC9: 1
A10: BL2 | B10: Barrack Yard | D10: Barrack Lane | E10: Smith | F10: Arthur William | H10: 1 | O10: Son in law | Q10: 42 | R10: 1 | X10: Cabinet maker | Y10: House furnisher | Z10: 1 | AB10: 1 | AC10: 1
A11: BL2 | B11: Barrack Yard | D11: Barrack Lane | E11: Smith | F11: Elizabeth Ann | G11: 1 | M11: 1 | Q11: 43 | R11: 1 | U11: 16 | V11: 0 | W11: 0 | AC11: 1
A12: BL3 | B12: Barrack Yard | D12: Barrack Lane | E12: Blythe | F12: Joseph | H12: 1 | K12: 1 | Q12: 50 | R12: 1 | X12: Sexton | Y12: Parish Church | Z12: 1 | AB12: 1 | AD12: Lincolnshire
A13: BL3 | B13: Barrack Yard | D13: Barrack Lane | E13: Blythe | F13: Annie | G13: 1 | L13: 1 | Q13: 48 | R13: 1 | U13: 18 | V13: 3 | W13: 3 | AD13: Yorkshire
A14: BL3 | B14: Barrack Yard | D14: Barrack Lane | E14: Blythe | F14: Marjorie | G14: 1 | M14: 1 | Q14: 15 | S14: 1 | X14: Typist | Y14: lace warehouse | Z14: 1 | AB14: 1 | AC14: 1
A15: BL3 | B15: Barrack Yard | D15: Barrack Lane | E15: Blythe | F15: Kathleen | I15: 1 | M15: 1 | Q15: 12 | R15: - | X15: child | Y15: School pupil | AC15: 1
A16: BL3 | B16: Barrack Yard | D16: Barrack Lane | E16: Blythe | F16: Arthur | H16: 1 | N16: 1 | Q16: 17 | S16: 1 | X16: Clerk | Y16: Lace warehouse | Z16: 1 | AB16: 1 | AC16: 1
A17: BL3 | B17: Barrack Yard | D17: Barrack Lane | E17: Bentley | F17: Ernest | H17: 1 | O17: Boarder | Q17: 18 | S17: 1 | X17: Fitter | Y17: Machines | Z17: 1 | AB17: 1 | AC17: 1
A18: BL4 | B18: Barrack Yard | D18: Barrack Lane | E18: Hind | F18: Fletcher | H18: 1 | K18: 1 | Q18: 61 | R18: 1 | X18: Coachman (domestic) | Z18: 1 | AB18: 1 | AC18: 1
A19: BL4 | B19: Barrack Yard | D19: Barrack Lane | E19: Hind | F19: Sarah | G19: 1 | L19: 1 | Q19: 61 | R19: 1 | U19: 34 | V19: 4 | W19: 3 | X19: Lace hand drawer finisher | Z19: 1 | AB19: 1 | AC19: 1
A20: BL4 | B20: Barrack Yard | D20: Barrack Lane | E20: Hind | F20: Edith Annie | G20: 1 | M20: 1 | Q20: 32 | S20: 1 | X20: Machinist (Hosiery) | Z20: 1 | AB20: 1 | AC20: 1
A21: total | C21: 4 | E21: 6 | F21: 18 | G21: =SUM(G3:G20) -> 9 | H21: 7 | I21: 2 | J21: 0 | K21: 4 | L21: 3 | M21: 6 | N21: 2 | O21: 3 | P21: 0 | Q21: 669 | R21: 8 | S21: 7 | T21: 1 | U21: 96 | V21: 12 | W21: 11 | X21: 0 | Y21: 0 | Z21: 12 | AA21: 0 | AB21: 12 | AC21: 15 | AD21: 3
F22: av women | G22: 0.66666667 | P22: average age | Q22: 37.166667 | Z22: av | AA22: 0.66666667 | AC22: 0.83333333
F23: Head | G23: 4 | P23: av age woman | Q23: 33.166667
F24: Wife | G24: 3 | J24: no occupation | K24: =F21-Z21 -> 6
F25: SON | G25: 2
F26: Daughter | G26: 6
F27: Grand daughter | G27: 1
F28: Son in law | G28: 1
F29: Boarder | G29: 1
G30: 18

Sheet PC
A1: House ID | B1: House Name | C1: NO. | D1: Address | E1: Family | F1: Name | G1: W/M/G/B | K1: Relationship to Head of family | Q1: Age | R1: Married/Single/Widow/er | S1: SINGLE | T1: Widow/er | U1: Married yrs | V1: Children born | W1: children living | X1: Personal Occupation | Y1: Industry | Z1: Economic participants | AA1: Employer/worker | AC1: Born | AF1: Note | AG1: Households | AH1: Population | AI1: Family | AJ1: Servants | AK1: Marital status - Married | AL1: Marital status - Single | AM1: Marital Status - Widow/er | AN1: Employer | AO1: Worker | AP1: Place of birth - Nottingham | AQ1: Place of birth - Oher
A2: largest household | B2: smallest household | G2: W | H2: M | I2: G | J2: B | K2: HEAD women head | L2: WIFE | M2: daughter | N2: son | O2: Other | P2: Servant | Q2: If <15=child | R2: Married woman | S2: SINGLE woman | T2: Widow er | AA2: Employer | AB2: worker | AC2: Nottinghamshire | AD2: Other | AG2: 13 | AH2: 62 | AI2: 36 | AJ2: 26 | AK2: 11 | AL2: 37 | AM2: 12 | AN2: 8 | AO2: 28 | AP2: 29 | AQ2: 33
A3: PC1 | C3: 19 | D3: Pelham Crescent | E3: Read | F3: Herbert Wlliam | G3: 0 | H3: 1 | I3: 0 | J3: 0 | K3: 1 | L3: 0 | M3: 0 | N3: 0 | P3: 0 | Q3: 66 | R3: 1 | S3: 0 | T3: 0 | X3: Retired (was coachbuilder) | AA3: 0 | AB3: 0 | AC3: 1
A4: PC1 | C4: 19 | D4: Pelham Crescent | E4: Read | F4: Annie | G4: 1 | H4: 0 | I4: 0 | J4: 0 | K4: 0 | L4: 1 | M4: 0 | N4: 0 | P4: 0 | Q4: 64 | R4: 1 | S4: 0 | T4: 0 | U4: 37 | V4: 4 | W4: 3 | AA4: 0 | AB4: 0 | AC4: 1
A5: PC1 | C5: 19 | D5: Pelham Crescent | E5: Read | F5: Ada Maud | G5: 1 | H5: 0 | I5: 0 | J5: 0 | K5: 0 | L5: 0 | M5: 1 | N5: 0 | P5: 0 | Q5: 34 | R5: 0 | S5: 1 | T5: 0 | X5: No occupation | AA5: 0 | AB5: 0 | AC5: 1
A6: PC1 | C6: 19 | D6: Pelham Crescent | E6: Handon | F6: Maggie | G6: 1 | H6: 0 | I6: 0 | J6: 0 | K6: 0 | L6: 0 | M6: 0 | N6: 0 | P6: 1 | Q6: 18 | R6: 0 | S6: 1 | T6: 0 | X6: Housemaid (domestic servant) | Z6: 1 | AA6: 0 | AB6: 1 | AC6: 1
A7: PC1 | C7: 19 | D7: Pelham Crescent | E7: Shephard | F7: Florece | G7: 1 | H7: 0 | I7: 0 | J7: 0 | K7: 0 | L7: 0 | M7: 0 | N7: 0 | P7: 1 | Q7: 17 | R7: 0 | S7: 1 | T7: 0 | X7: General servant | Z7: 1 | AA7: 0 | AB7: 1 | AD7: 1 | AE7: Wolverhampton
A8: PC2 | C8: 17 | D8: Pelham Crescent | E8: Laing | F8: George Dawson | G8: 0 | H8: 1 | I8: 0 | J8: 0 | K8: 1 | L8: 0 | M8: 0 | N8: 0 | P8: 0 | Q8: 62 | R8: 1 | S8: 0 | T8: 0 | X8: Wine & Spirit Merchant | Z8: 1 | AA8: 1 | AB8: 0 | AD8: 1 | AE8: Birmingham
A9: PC2 | C9: 17 | D9: Pelham Crescent | E9: Laing | F9: Blanche Viola | G9: 1 | H9: 0 | I9: 0 | J9: 0 | K9: 0 | L9: 1 | M9: 0 | N9: 0 | P9: 0 | Q9: 54 | R9: 1 | S9: 0 | T9: 0 | U9: 22 | V9: 1 | W9: 1 | X9: Wine & Spirit Merchant | Z9: 1 | AA9: 1 | AB9: 0 | AD9: 1 | AE9: London
A10: PC2 | C10: 17 | D10: Pelham Crescent | E10: Laing | F10: John Posvenor | G10: 0 | H10: 1 | I10: 0 | J10: 0 | K10: 0 | L10: 0 | M10: 0 | N10: 1 | P10: 0 | Q10: 21 | R10: 0 | S10: 1 | T10: 0 | X10: Wine & Spirit Merchant | Z10: 1 | AA10: 1 | AC10: 1
A11: PC2 | C11: 17 | D11: Pelham Crescent | E11: Laing | F11: John Lysanda | G11: 0 | H11: 1 | I11: 0 | J11: 0 | K11: 0 | L11: 0 | M11: 0 | N11: 0 | O11: brother | P11: 0 | Q11: 56 | R11: 0 | S11: 1 | T11: 0 | X11: wine & Spirit Merchant | Z11: 1 | AA11: 1 | AB11: 0 | AD11: 1 | AE11: Sussex | AF11: Visitor from NZ
A12: PC2 | C12: 17 | D12: Pelham Crescent | E12: Hill | F12: Mary Ann | G12: 1 | H12: 0 | I12: 0 | J12: 0 | K12: 0 | L12: 0 | M12: 0 | N12: 0 | O12: 1 | P12: 0 | Q12: 75 | R12: 0 | S12: 1 | T12: 0 | X12: Retired (was Nurse) | AD12: 1 | AE12: Devon | AF12: Pensioner
A13: PC2 | C13: 17 | D13: Pelham Crescent | E13: Hill | F13: Ruth Mary | G13: 1 | H13: 0 | I13: 0 | J13: 0 | K13: 0 | M13: 0 | N13: 0 | P13: 1 | Q13: 23 | R13: 0 | S13: 1 | T13: 0 | X13: Cook | Z13: 1 | AA13: 0 | AB13: 1 | AC13: 1
A14: PC2 | C14: 17 | D14: Pelham Crescent | E14: Wright | F14: Clara | G14: 1 | H14: 0 | I14: 0 | J14: 0 | K14: 0 | L14: 0 | M14: 0 | N14: 0 | P14: 1 | Q14: 18 | R14: 0 | S14: 1 | T14: 0 | X14: Housemaid | Z14: 1 | AB14: 1 | AD14: 1 | AE14: Lincolnshire
A15: PC2 | C15: 17 | D15: Pelham Crescent | E15: Lander | F15: Sarah Ann | G15: 1 | H15: 0 | I15: 0 | J15: 0 | K15: 0 | L15: 0 | M15: 0 | N15: 0 | P15: 1 | Q15: 16 | R15: 0 | S15: 1 | T15: 0 | X15: Parlourmaid | Z15: 1 | AB15: 1 | AD15: 1 | AE15: Derbyshire
A16: PC3 | C16: 15 | D16: pelham Crescent | E16: Thorpe | F16: Kate | G16: 1 | H16: 0 | I16: 0 | J16: 0 | K16: 1 | L16: 0 | M16: 0 | N16: 0 | P16: 0 | Q16: 75 | R16: 0 | S16: 0 | T16: 1 | U16: 0 | V16: 0 | W16: 0 | X16: Private Means | AD16: 1 | AE16: Belfast
A17: PC3 | C17: 15 | D17: pelham Crescent | E17: Saville | F17: Eliza Helena | G17: 1 | H17: 0 | I17: 0 | J17: 0 | K17: 0 | L17: 0 | M17: 0 | N17: 0 | O17: sister | P17: 0 | Q17: 68 | R17: 0 | S17: 1 | T17: 0 | X17: Private Means | AD17: 1 | AE17: Sussex
A18: PC3 | C18: 15 | D18: pelham Crescent | E18: Parkin | F18: Maud | G18: 1 | H18: 0 | I18: 0 | J18: 0 | K18: 0 | L18: 0 | M18: 0 | N18: 0 | P18: 1 | Q18: 26 | S18: 1 | T18: 0 | X18: Domestic | Z18: 1 | AB18: 1 | AD18: 1 | AE18: Derbyshire
A19: PC3 | C19: 15 | D19: pelham Crescent | E19: Winsor | F19: Elizabeth | G19: 1 | H19: 0 | I19: 0 | J19: 0 | K19: 0 | L19: 0 | M19: 0 | N19: 0 | P19: 1 | Q19: 52 | R19: 0 | S19: 0 | T19: 1 | X19: Temporary Help | Z19: 1 | AB19: 1 | AD19: 1 | AE19: Northants
A20: PC4 | C20: 13 | D20: Pelham Crescent | E20: Flersheim | F20: Gustav Albert | G20: 0 | H20: 1 | I20: 0 | J20: 0 | K20: 1 | L20: 0 | M20: 0 | N20: 0 | O20: 0 | P20: 0 | Q20: 56 | R20: 1 | X20: Director | Y20: lace curtain manuf | Z20: 1 | AA20: 1 | AD20: 1 | AE20: Germany
A21: PC4 | C21: 13 | D21: Pelham Crescent | E21: Flersheim | F21: Caroline Hannah | G21: 1 | H21: 0 | I21: 0 | J21: 0 | K21: 0 | L21: 1 | M21: 0 | N21: 0 | P21: 0 | Q21: 52 | R21: 1 | S21: 0 | T21: 0 | U21: 12 | V21: 1 | W21: 1 | AC21: 1
A22: PC4 | C22: 13 | D22: Pelham Crescent | E22: Flersheim | F22: Katherine Mary Monica | I22: 1 | M22: 1 | P22: 0 | Q22: 12 | X22: child | AC22: 1
A23: PC4 | C23: 13 | D23: Pelham Crescent | E23: Wildbore | F23: Sarah Ann | G23: 1 | P23: 1 | Q23: 34 | S23: 1 | X23: cook | Z23: 1 | AB23: 1 | AC23: 1
A24: PC4 | C24: 13 | D24: Pelham Crescent | E24: Mathews | F24: Amy | G24: 1 | P24: 1 | Q24: 21 | S24: 1 | X24: housemaid | Z24: 1 | AB24: 1 | AD24: 1 | AE24: Derbyshire
A25: PC4 | C25: 13 | D25: Pelham Crescent | E25: Halatschek | F25: Maria | G25: 1 | P25: 1 | Q25: 24 | S25: 1 | X25: Governess | Z25: 1 | AB25: 1 | AD25: 1 | AE25: Germany
A26: PC5 | C26: 11 | D26: Pelham Crescent | E26: Kohn | F26: Recha | G26: 1 | H26: 0 | I26: 0 | J26: 0 | K26: 1 | L26: 0 | M26: 0 | N26: 0 | P26: 0 | Q26: 77 | R26: 0 | S26: 0 | T26: 1 | U26: 57 | V26: 8 | W26: 8 | AD26: 1 | AE26: Germany
A27: PC5 | C27: 11 | D27: Pelham Crescent | E27: Kohn | F27: Amy | G27: 1 | M27: 1 | Q27: 38 | S27: 1 | U27: 38 | AC27: 1
A28: PC5 | C28: 11 | D28: Pelham Crescent | E28: Whistler | F28: Alice | G28: 1 | P28: 1 | Q28: 22 | S28: 1 | X28: housemaid | Z28: 1 | AB28: 1 | AC28: 1
A29: PC5 | C29: 11 | D29: Pelham Crescent | E29: Hutchinson | F29: Hannah | G29: 1 | P29: 1 | Q29: 35 | R29: 1 | U29: 7 | V29: 2 | W29: 2 | X29: cook | Z29: 1 | AB29: 1 | AD29: 1 | AE29: worceshire
A30: PC6 | C30: 9 | D30: Pelham Crescent | E30: Adams | F30: Catherine Lucy | G30: 1 | H30: 0 | I30: 0 | J30: 0 | K30: 1 | L30: 0 | M30: 0 | N30: 0 | P30: 0 | Q30: 79 | R30: 0 | S30: 1 | T30: 0 | U30: 0 | V30: 0 | W30: 0 | X30: Private Means | AC30: 1 | AF30: note that women who employed servants are not counted as employers
A31: PC6 | C31: 9 | D31: Pelham Crescent | E31: Martin | F31: Emma Elizabeth | G31: 1 | P31: 1 | Q31: 44 | S31: 1 | X31: Cook | Z31: 1 | AB31: 1 | AD31: 1 | AE31: Derbyshire
A32: PC6 | C32: 9 | D32: Pelham Crescent | E32: Else | F32: Francis Gertrude | G32: 1 | P32: 1 | Q32: 26 | S32: 1 | X32: Parlourmaid | Z32: 1 | AB32: 1 | AD32: 1 | AE32: Lincolnshire
A33: PC6 | C33: 9 | D33: Pelham Crescent | E33: Stope | F33: Sarah Annie | G33: 1 | P33: 1 | Q33: 26 | S33: 1 | X33: Housemaid | Z33: 1 | AB33: 1 | AD33: 1 | AE33: Derbyshire
A34: PC7 | C34: No entry | D34: No entry | E34: No entry | F34: No entry | G34: No entry | H34: No entry | I34: No entry | J34: No entry | K34: No entry | L34: No entry | M34: No entry | N34: No entry | P34: No entry | Q34: No entry | R34: No entry | S34: No entry | T34: No entry | U34: No entry | V34: No entry | W34: No entry | X34: No entry | Y34: No entry | AA34: No entry | AB34: No entry | AC34: No entry | AD34: No entry | AE34: No entry
A35: PC8 | C35: 5 | D35: Pelham Crescent | E35: Flersheim | F35: Kathinka Elizabeth | G35: 1 | H35: 0 | I35: 0 | J35: 0 | K35: 1 | L35: 0 | M35: 0 | N35: 0 | P35: 0 | Q35: 79 | R35: 0 | S35: 0 | T35: 1 | U35: 0 | V35: 4 | W35: 2 | AD35: 1 | AE35: Germany
A36: PC8 | C36: 5 | D36: Pelham Crescent | E36: North | F36: Annie | G36: 1 | P36: 1 | Q36: 53 | S36: 1 | X36: Cook | Z36: 1 | AB36: 1 | AC36: 1
A37: PC8 | C37: 5 | D37: Pelham Crescent | E37: Slater | F37: Annie | G37: 1 | P37: 1 | Q37: 25 | S37: 1 | X37: Housemaid | Z37: 1 | AB37: 1 | AD37: 1 | AE37: Derbyshire
A38: PC9 | C38: 3 | D38: Pelham Crescent | E38: Lewis | F38: Anna Rebekah | G38: 1 | H38: 0 | I38: 0 | J38: 0 | K38: 1 | L38: 0 | M38: 0 | N38: 0 | P38: 0 | Q38: 70 | R38: 0 | S38: 0 | T38: 1 | U38: 0 | V38: 2 | W38: 2 | AD38: 1 | AE38: Leicestershire
A39: PC9 | C39: 3 | D39: Pelham Crescent | E39: Lewis | F39: Fanny G | G39: 1 | M39: 1 | Q39: 42 | S39: 1 | AC39: 1
A40: PC9 | C40: 3 | D40: Pelham Crescent | E40: Lewis | F40: Arthur B | H40: 1 | N40: 1 | Q40: 40 | T40: 1 | X40: Hosiery manuf | Z40: 1 | AA40: 1 | AC40: 1
A41: PC9 | C41: 3 | D41: Pelham Crescent | E41: Carrington | F41: Hester | G41: 1 | P41: 1 | Q41: 30 | S41: 1 | X41: Domestic servant | Z41: 1 | AB41: 1 | AD41: 1 | AE41: Glos
A42: PC9 | C42: 3 | D42: Pelham Crescent | E42: Clarke | F42: Martha | G42: 1 | P42: 1 | Q42: 30 | S42: 1 | X42: Domestic servant | Z42: 1 | AB42: 1 | AC42: 1
A43: PC10 | B43: Note a Mr Meyer signed off census | C43: 1 | D43: Pelham Crescent | E43: Radford | F43: William Edward | H43: 1 | K43: 1 | Q43: 49 | R43: 1 | X43: Coachman domestic | Z43: 1 | AB43: 1 | AD43: 1 | AE43: Leics
A44: PC10 | C44: 1 | D44: Pelham Crescent | E44: Radford | F44: Emma | G44: 1 | H44: 0 | I44: 0 | J44: 0 | K44: 0 | L44: 1 | M44: 0 | N44: 0 | P44: 1 | Q44: 48 | R44: 1 | S44: 0 | T44: 0 | U44: 19 | V44: 2 | W44: 2 | X44: Housekeeper Domestic | Z44: 1 | AB44: 1 | AD44: 1 | AE44: Yorkshire
A45: PC10 | C45: 1 | D45: Pelham Crescent | E45: Radford | F45: Hilda May | G45: 1 | M45: 1 | Q45: 17 | S45: 1 | X45: Blouse hand | Z45: 1 | AB45: 1 | AC45: 1
A46: PC10 | C46: 1 | D46: Pelham Crescent | E46: Radford | F46: Winnifred Annie | I46: 1 | M46: 1 | Q46: 8 | X46: School | AC46: 1
A47: PC10 | C47: 1 | D47: Pelham Crescent | E47: Matthews | F47: Emily | G47: 1 | P47: 1 | Q47: 18 | S47: 1 | X47: Housemaid (domestic servant) | Z47: 1 | AB47: 1 | AC47: 1
A48: PC11 | C48: 10 | D48: pelham Crescent | E48: Mellers | F48: Robert | H48: 1 | K48: 1 | Q48: 75 | T48: 1 | X48: Chartered Accountant | Z48: 1 | AA48: 1 | AC48: 1
A49: PC11 | C49: 10 | D49: Pelham Crescent | E49: Mellers | F49: Mary Elizabeth | G49: 1 | H49: 0 | I49: 0 | J49: 0 | K49: 0 | L49: 0 | M49: 1 | N49: 0 | P49: 0 | Q49: 53 | R49: 0 | S49: 1 | T49: 0 | U49: 0 | V49: 0 | W49: 0 | AC49: 1
A50: PC11 | C50: 10 | D50: pelham Crescent | E50: Mellers | F50: Kate | G50: 1 | M50: 1 | Q50: 39 | S50: 1 | AC50: 1
A51: PC11 | C51: 10 | D51: pelham Crescent | E51: Caims | F51: Robert Gallard | H51: 1 | O51: grandson | Q51: 22 | S51: 1 | X51: Chartered Accountant | Z51: 1 | AB51: 1 | AD51: 1 | AE51: USA
A52: PC11 | C52: 10 | D52: pelham Crescent | E52: Caims | F52: Marjorie M | G52: 1 | O52: granddaughter | Q52: 19 | S52: 1 | AD52: 1 | AE52: USA
A53: PC11 | C53: 10 | D53: pelham Crescent | E53: Cook | F53: Mary | G53: 1 | P53: 1 | Q53: 50 | T53: 1 | X53: cook | Z53: 1 | AB53: 1 | AD53: 1 | AE53: Leics
A54: PC11 | C54: 10 | D54: pelham Crescent | E54: Beregen | F54: Mary Ann | G54: 1 | P54: 1 | Q54: 56 | T54: 1 | X54: Charwoman | Z54: 1 | AB54: 1 | AD54: 1 | AE54: Leics
A55: PC12 | C55: 12 | D55: pelham Crescent | E55: Levi | F55: Joseph | H55: 1 | K55: 1 | Q55: 61 | R55: 1 | X55: Lace manuf | Z55: 1 | AA55: 1 | AD55: 1 | AE55: Germany
A56: PC12 | C56: 12 | D56: Pelham Crescent | E56: Levi | F56: Julia | G56: 1 | H56: 0 | I56: 0 | J56: 0 | K56: 0 | L56: 1 | M56: 0 | N56: 0 | P56: 0 | Q56: 43 | R56: 1 | S56: 0 | T56: 0 | U56: 24 | V56: 1 | W56: 1 | AD56: 1 | AE56: Germany
A57: PC12 | C57: 12 | D57: pelham Crescent | E57: Levi | F57: Lucy | G57: 1 | M57: 1 | Q57: 21 | S57: 1 | AD57: 1 | AE57: Germany
A58: PC12 | C58: 12 | D58: pelham Crescent | E58: Hermann | F58: Matilde | G58: 1 | P58: 1 | Q58: 30 | S58: 1 | X58: General servant (domestic) | Z58: 1 | AB58: 1 | AD58: 1 | AE58: Germany
A59: PC12 | C59: 12 | D59: pelham Crescent | E59: Holton | F59: Olive | G59: 1 | P59: 1 | Q59: 24 | S59: 1 | X59: General servant (domestic) | Z59: 1 | AB59: 1 | AC59: 1
A60: PC13 | C60: 14 | D60: Pelham Crescent | E60: Mann | F60: Mary Ann | G60: 1 | H60: 0 | I60: 0 | J60: 0 | K60: 1 | L60: 0 | M60: 0 | N60: 0 | P60: 0 | Q60: 71 | R60: 0 | S60: 0 | T60: 1 | U60: 0 | V60: 3 | W60: 2 | X60: Private Means | AC60: 1
A61: PC13 | C61: 14 | D61: Pelham Crescent | E61: Carrington | F61: Nellie Annie | G61: 1 | M61: 1 | Q61: 38 | T61: 1 | V61: 1 | W61: 1 | X61: Private Means | AC61: 1
A62: PC13 | C62: 14 | D62: Pelham Crescent | E62: Carrington | F62: Thomas Hugh | H62: 1 | O62: grandson | Q62: 19 | S62: 1 | X62: Chemist assistant | Y62: retail | Z62: 1 | AB62: 1 | AC62: 1
A63: PC14 | C63: 16 | D63: Pelham Crescent | E63: Shaw | F63: Harriet | G63: 1 | H63: 0 | I63: 0 | J63: 0 | K63: 1 | L63: 0 | M63: 0 | N63: 0 | P63: 0 | Q63: 53 | R63: 0 | S63: 0 | T63: 1 | U63: 0 | V63: 0 | W63: 0 | X63: Private Means | AC63: 1
A64: PC14 | C64: 16 | D64: Pelham Crescent | E64: Breedon | F64: Sarah | G64: 1 | P64: 1 | Q64: 41 | S64: 1 | X64: Cook | Z64: 1 | AB64: 1 | AC64: 1
A65: PC14 | C65: 16 | D65: Pelham Crescent | E65: Buckingham | F65: Ada | G65: 1 | P65: 1 | Q65: 17 | S65: 1 | X65: Housemaid | Z65: 1 | AB65: 1 | AC65: 1
A66: TOTAL | B66: 13 | E66: 42 | G66: =SUM(G3:G65) -> 49 | H66: =SUM(H3:H65) -> 11 | I66: =SUM(I3:I65) -> 2 | J66: =SUM(J3:J65) -> 0 | K66: =SUM(K3:K65) -> 13 | L66: =SUM(L3:L65) -> 5 | M66: =SUM(M3:M65) -> 10 | N66: =SUM(N3:N65) -> 2 | O66: 6 | P66: =SUM(P3:P65) -> 27 | Q66: =SUM(Q3:Q65) -> 2532 | R66: =SUM(R3:R65) -> 11 | S66: =SUM(S3:S65) -> 37 | T66: =SUM(T3:T65) -> 12 | U66: =SUM(U3:U65) -> 216 | V66: =SUM(V3:V65) -> 29 | W66: =SUM(W3:W65) -> 25 | Z66: =SUM(Z3:Z65) -> 39 | AA66: =SUM(AA3:AA65) -> 8 | AB66: =SUM(AB3:AB65) -> 31 | AC66: =SUM(AC3:AC65) -> 29 | AD66: =SUM(AD3:AD65) -> 33
F67: Should = 62 | G67: =G66+H66+I66+J66 -> 62 | K67: =K66+L66+M66+N66+O66+P66 -> 63 | P67: ALL | Q67: =Q66/K67 -> 40.190476 | R67: adults | S67: =R66+T66+S66 -> 60 | U67: applies only to women married but not widows and sometimes widows have inputted data | AA67: note women have servants are not counted as employers even if widows | AE67: other Germany | AF67: 8
G68: =G66/G67 -> 0.79032258 | H68: =H66/G67 -> 0.17741935 | I68: =I66/G67 -> 0.032258065 | K68: 6 widows + 1 single | P68: Adults | Q68: =(Q66-Q46-Q22)/60 -> 41.866667 | R68: =R66/S67 -> 0.18333333 | S68: =S66/S67 -> 0.61666667 | T68: =T66/S67 -> 0.2 | AA68: ie only men are employers and that refers to their outside work | AE68: USA | AF68: 2
P69: all servants are women | R69: 6 | S69: 33 | T69: 10 | AC69: =AC66+AD66 -> 62
P70: all houses have at least one servant | R70: =R69/R66 -> 0.54545455 | S70: =S69/S66 -> 0.89189189 | T70: =T69/T66 -> 0.83333333 | AC70: =AC66/AC69 -> 0.46774194 | AD70: =AD66/AC69 -> 0.53225806

Sheet WesternTerrace
A1: House ID | B1: House Name | C1: NO. | D1: Address | E1: Family | F1: Name | G1: W/M/G/B | K1: Relationship to Head of family | Q1: Age | R1: Married/Single/Widow/er | S1: SINGLE | T1: Widow/er | U1: Married yrs | V1: Children born | W1: children living | X1: Personal Occupation | Y1: Industry | Z1: Economic participants | AA1: Employer/worker | AC1: Born | AE1: Note
A2: largest household | B2: smallest household | G2: W | H2: M | I2: G | J2: B | K2: HEAD women head | L2: WIFE | M2: daughter | N2: son | O2: Other | P2: Servant | Q2: If <15=child | R2: Married woman | S2: SINGLE woman | T2: Widow er | AA2: Employer | AB2: worker | AC2: Nottinghamshire | AD2: Other
A3: WT1 | C3: 8 | D3: Western Terrace | E3: Bradley | F3: Frederick James | H3: 1 | K3: 1 | Q3: 65 | R3: 1 | X3: Director of Lt Leicester works | Z3: 1 | AA3: 1 | AC3: 1
A4: WT1 | C4: 8 | D4: Western Terrace | E4: Bradley | F4: Emily Margaret | G4: 1 | L4: 1 | Q4: 63 | R4: 1 | U4: 40 | V4: 4 | W4: 3 | AD4: Glam
A5: WT1 | C5: 8 | D5: Western Terrace | E5: Bradley | F5: Gladys Margaret | G5: 1 | M5: 1 | Q5: 30 | S5: 1 | X5: Teacher of children | Z5: 1 | AB5: 1 | AC5: 1
A6: WT1 | C6: 8 | D6: Western Terrace | E6: James | F6: Martha | G6: 1 | P6: 1 | Q6: 69 | S6: 1 | X6: Cook | Z6: 1 | AB6: 1 | AD6: Glous
A7: WT1 | C7: 8 | D7: Western Terrace | E7: Diss | F7: Sarah Jane | G7: 1 | P7: 1 | Q7: 17 | S7: 1 | X7: Housemaid | Z7: 1 | AB7: 1 | AD7: Lincolnshire
A8: WT1 | C8: 8 | D8: Western Terrace | E8: Borbrid | F8: Mabel Alice | G8: 1 | P8: 1 | Q8: 22 | S8: 1 | X8: Housemaid | Z8: 1 | AB8: 1 | AD8: Yorkshire
A9: WT2 | C9: 9 | D9: Western Terrace | E9: Clarke | F9: Alfred Harriman | H9: 1 | K9: 1 | Q9: 61 | R9: 1 | X9: Lace Manuf | Z9: 1 | AA9: 1 | AC9: 1
A10: WT2 | C10: 9 | D10: Western Terrace | E10: Clarke | F10: Annie Maria | G10: 1 | L10: 1 | Q10: 56 | R10: 1 | U10: 31 | V10: 2 | W10: 2 | AC10: 1
A11: WT2 | C11: 9 | D11: Western Terrace | E11: Clarke | F11: Alfred Cecil | H11: 1 | N11: 1 | Q11: 29 | S11: 1 | X11: assisting in the business | Z11: 1 | AB11: 1 | AC11: 1
A12: WT2 | C12: 9 | D12: Western Terrace | E12: Clarke | F12: Gerald | H12: 1 | N12: 1 | Q12: 28 | S12: 1 | X12: assisting in the business | Z12: 1 | AB12: 1 | AC12: 1
A13: WT2 | C13: 9 | D13: Western Terrace | E13: Hebb | F13: Gertrude Annie | G13: 1 | P13: 1 | Q13: 26 | S13: 1 | X13: domestic | Z13: 1 | AB13: 1 | AC13: 1
A14: WT2 | C14: 9 | D14: Western Terrace | E14: Hatherley | F14: Mary | G14: 1 | P14: 1 | Q14: 24 | S14: 1 | X14: domestic | Z14: 1 | AB14: 1 | AD14: lincolnshire
A15: WT2 | C15: 9 | D15: Western Terrace | E15: Wilson | F15: Edith | G15: 1 | P15: 1 | Q15: 27 | S15: 1 | X15: domestic | Z15: 1 | AB15: 1 | AC15: 1
A16: WT3 | C16: 10 | D16: Western Terrace | E16: Clarke | F16: Charles Henry | H16: 1 | K16: 1 | Q16: 62 | S16: 1 | X16: Lace Manuf | Z16: 1 | AA16: 1 | AC16: 1
A17: WT3 | C17: 10 | D17: Western Terrace | E17: Clarke | F17: Ellen Maria | G17: 1 | O17: sister | Q17: 56 | S17: 1 | X17: Private Means | AC17: 1
A18: WT3 | C18: 10 | D18: Western Terrace | E18: Bartle | F18: Louie | G18: 1 | P18: 1 | Q18: 22 | S18: 1 | X18: Cook | Z18: 1 | AB18: 1 | AD18: lincolnshire
A19: WT3 | C19: 10 | D19: Western Terrace | E19: Phillips | F19: Elizabeth Mary | G19: 1 | P19: 1 | Q19: 25 | S19: 1 | X19: Housemaid | Z19: 1 | AB19: 1 | AC19: 1
A20: WT4 | B20: Lincoln Villa | D20: Western Terrace | E20: Bright | F20: Joseph | H20: 1 | K20: 1 | Q20: 61 | T20: 1 | X20: Solicitor | Z20: 1 | AA20: 1 | AC20: 1 | AE20: Signed Sir J Bright
A21: WT4 | B21: Lincoln Villa | D21: Western Terrace | E21: Bright | F21: Horace Dickinson | H21: 1 | N21: 1 | Q21: 29 | S21: 1 | X21: Solicitor | Z21: 1 | AA21: 1 | AC21: 1
A22: WT4 | B22: Lincoln Villa | D22: Western Terrace | E22: Bright | F22: Josephine Agnes | G22: 1 | M22: 1 | Q22: 28 | S22: 1 | AC22: 1
A23: WT4 | B23: Lincoln Villa | D23: Western Terrace | E23: Bright | F23: Beatrice Eveline | G23: 1 | M23: 1 | Q23: 29 | S23: 1 | AC23: 1
A24: WT4 | B24: Lincoln Villa | D24: Western Terrace | E24: Bright | F24: Alfred Stanley | H24: 1 | N24: 1 | Q24: 25 | S24: 1 | X24: Solicitor | Z24: 1 | AA24: 1 | AC24: 1
A25: WT4 | B25: Lincoln Villa | D25: Western Terrace | E25: Bright | F25: Frank Arnold | H25: 1 | N25: 1 | Q25: 24 | S25: 1 | X25: Mechanical Engineer | Y25: Tobacco factory | Z25: 1 | AB25: 1 | AC25: 1
A26: WT4 | B26: Lincoln Villa | D26: Western Terrace | E26: Davis | F26: Edith | G26: 1 | P26: 1 | Q26: 42 | S26: 1 | X26: Sick Nurse (own means) | Z26: 1 | AB26: 1 | AD26: Middx
A27: WT4 | B27: Lincoln Villa | D27: Western Terrace | E27: Wareham | F27: Elizabeth | G27: 1 | P27: 1 | Q27: 45 | S27: 1 | X27: Cook | Z27: 1 | AB27: 1 | AD27: ?
A28: WT4 | B28: Lincoln Villa | D28: Western Terrace | E28: Porteous | F28: Alice | G28: 1 | P28: 1 | Q28: 31 | S28: 1 | X28: Parlourmaid | Z28: 1 | AB28: 1 | AC28: 1
A29: WT4 | B29: Lincoln Villa | D29: Western Terrace | E29: Frost | F29: Edith | G29: 1 | P29: 1 | Q29: 20 | S29: 1 | X29: Housemaid | Z29: 1 | AB29: 1 | AC29: 1
A30: WT4 | B30: Lincoln Villa | D30: Western Terrace | E30: Inskip | F30: Annie | G30: 1 | P30: 1 | Q30: 16 | S30: 1 | X30: Kitchenmaid | Z30: 1 | AB30: 1 | AD30: Somercotes
A31: TOTAL | B31: 4 | E31: 17 | F31: 28 | G31: =SUM(G3:G30) -> 19 | H31: =SUM(H3:H30) -> 9 | I31: =SUM(I3:I30) -> 0 | J31: =SUM(J3:J30) -> 0 | K31: =SUM(K3:K30) -> 4 | L31: =SUM(L3:L30) -> 2 | M31: =SUM(M3:M30) -> 3 | N31: =SUM(N3:N30) -> 5 | O31: 1 | P31: =SUM(P3:P30) -> 13 | Q31: =SUM(Q3:Q30) -> 1032 | R31: =SUM(R3:R30) -> 4 | S31: =SUM(S3:S30) -> 23 | T31: =SUM(T3:T30) -> 1 | U31: =SUM(U3:U30) -> 71 | V31: =SUM(V3:V30) -> 6 | W31: =SUM(W3:W30) -> 5 | Z31: =AB31+AA31 -> 23 | AA31: =SUM(AA3:AA30) -> 6 | AB31: =SUM(AB3:AB30) -> 17 | AC31: =SUM(AC3:AC30) -> 19 | AD31: =F31-AC31 -> 9
A33: Households | B33: Population | C33: Family | D33: Servants | E33: Marital status - Married | F33: Marital status - Single | G33: Marital Status - Widow/er | H33: Employer | I33: Worker | J33: Place of birth - Nottingham | K33: Place of birth - Oher
A34: 4 | B34: 28 | C34: 17 | D34: 13 | E34: 4 | F34: 23 | G34: 1 | H34: 6 | I34: 17 | J34: 19 | K34: =B34-J34 -> 9

Sheet North Rd
A1: House ID | B1: House Name | C1: NO. | D1: Address | E1: Family | F1: Name | G1: W/M/G/B | K1: Relationship to Head of family | Q1: Age | R1: Married/Single/Widow/er | S1: SINGLE | T1: Widow/er | U1: Married yrs | V1: Children born | W1: children living | X1: Personal Occupation | Y1: Industry | Z1: Economic participants | AA1: Employer/worker | AC1: Born | AE1: Note | AF1: Street/Occupation | AG1: Park Keeper | AH1: Manager | AI1: Valuer | AJ1: Accountant | AK1: Blousehand | AL1: Cabinet maker | AM1: Clergy | AN1: Clerk | AO1: Coachman | AP1: Director | AQ1: Domestic help (other than servant) | AR1: Fitter | AS1: Gardener | AT1: Lacehand drawer finisher | AU1: Machinist | AV1: Manufacturer | AW1: Merchant | AX1: Private Means | AY1: Retired | AZ1: Tailoress (Seamstress) | BA1: Typist | BB1: Warper
A2: largest household | B2: smallest household | G2: W | H2: M | I2: G | J2: B | K2: HEAD women head | L2: WIFE | M2: daughter | N2: son | O2: Other | P2: Servant | Q2: If <15=child | R2: Married woman | S2: SINGLE woman | T2: Widow er | AA2: Employer | AB2: worker | AC2: Nottinghamshire | AD2: Other | AG2: 1 | AH2: 1 | AI2: 1
A3: NR1 | B3: Gate House | D3: North Rd | E3: Hallam | F3: Thomas | H3: 1 | K3: 1 | Q3: 66 | R3: 1 | X3: Park Keeper | AA3: 1 | AC3: 1
A4: NR1 | B4: Gate House | D4: North Rd | E4: Hallam | F4: Emily | G4: 1 | L4: 1 | Q4: 40 | R4: 1 | U4: 4 | AD4: Cheshire
A5: NR2 | B5: North Lodge | D5: North Rd | E5: Huskinson | F5: Percy | H5: 1 | K5: 1 | Q5: 38 | R5: 1 | X5: Manager | Y5: moston factory | AA5: 1 | AC5: 1
A6: NR2 | B6: North Lodge | D6: North Rd | E6: Huskinson | F6: Muriel | G6: 1 | L6: 1 | Q6: 30 | R6: 1 | U6: 11 | V6: 2 | W6: 2 | AC6: 1
A7: NR2 | B7: North Lodge | D7: North Rd | E7: Huskinson | F7: Geoffrey | H7: 1 | N7: 1 | Q7: 16 | AC7: 1
A8: NR2 | B8: North Lodge | D8: North Rd | E8: Huskinson | F8: Leonard | H8: 1 | N8: 1 | Q8: 5 | AC8: 1
A9: NR2 | B9: North Lodge | D9: North Rd | E9: Huskinson | F9: Ernest | H9: 1 | O9: Brother | Q9: 35 | S9: 1 | X9: valuer | Y9: inland revenue | AB9: 1 | AC9: 1
A10: NR2 | B10: North Lodge | D10: North Rd | E10: Smith | F10: Bertha | G10: 1 | P10: 1 | Q10: 20 | S10: 1 | X10: housemaid | AB10: 1 | AD10: derbyshire
A11: NR2 | B11: North Lodge | D11: North Rd | E11: Ormston | F11: Francis | G11: 1 | P11: 1 | Q11: 38 | S11: 1 | X11: cook | AB11: 1 | AD11: Leicestershire
A12: NR2 | B12: North Lodge | D12: North Rd | E12: Yareham | F12: Anne | G12: 1 | P12: 1 | Q12: 24 | S12: 1 | X12: parlourmaid | AB12: 1 | AC12: 1
A13: TOTAL | B13: 2 | E13: 5 | F13: 10 | G13: =SUM(G3:G12) -> 5 | H13: =SUM(H3:H12) -> 5 | I13: =SUM(I3:I12) -> 0 | J13: =SUM(J3:J12) -> 0 | K13: =SUM(K3:K12) -> 2 | L13: =SUM(L3:L12) -> 2 | M13: =SUM(M3:M12) -> 0 | N13: =SUM(N3:N12) -> 2 | O13: 1 | P13: =SUM(P3:P12) -> 3 | Q13: =SUM(Q3:Q12) -> 312 | R13: =SUM(R3:R12) -> 4 | S13: =SUM(S3:S12) -> 4 | T13: =SUM(T3:T12) -> 0 | U13: =SUM(U3:U12) -> 15 | V13: =SUM(V3:V12) -> 2 | W13: =SUM(W3:W12) -> 2 | ... Y13: =SUM(Y3:Y12) -> 0 | Z13: =AA13+AB13 -> 6 | AA13: =SUM(AA3:AA12) -> 2 | AB13: =SUM(AB3:AB12) -> 4 | AC13: =SUM(AC3:AC12) -> 7 | AD13: 3
G14: =G13+H13+I13+J13 -> 10 | K14: =K13+L13+M13+N13+O13+P13 -> 10 | Q14: =Q13/K14 -> 31.2

Sheet Lincoln Circus
A1: House ID | B1: House Name | C1: NO. | D1: Address | E1: Family | F1: Name | G1: W/M/G/B | K1: Relationship to Head of family | Q1: Age | R1: Married/Single/Widow/er | S1: SINGLE | T1: Widow/er | U1: Married yrs | V1: Children born | W1: children living | X1: Personal Occupation | Y1: Industry | Z1: Economic participants | AA1: Employer/worker | AC1: Born | AE1: Note
A2: largest household | B2: smallest household | G2: W | H2: M | I2: G | J2: B | K2: HEAD women head | L2: WIFE | M2: daughter | N2: son | O2: Other | P2: Servant | Q2: If <15=child | R2: Married woman | S2: SINGLE woman | T2: Widow er | AA2: Employer | AB2: worker | AC2: Nottinghamshire | AD2: Other
A3: LC1 | D3: Lincoln Circus | E3: Tune | F3: Annie Elizabeth | G3: 1 | P3: 1 | Q3: 47 | S3: 1 | X3: Cook | Z3: 1 | AB3: 1 | AD3: Lincs
A4: LC1 | D4: Lincoln Circus | E4: Wright | F4: Alice Ada | G4: 1 | P4: 1 | Q4: 35 | S4: 1 | X4: Parlourmaid | Z4: 1 | AB4: 1 | AD4: Herts
A5: LC1 | D5: Lincoln Circus | E5: Swaly | F5: Florence | G5: 1 | P5: 1 | Q5: 24 | S5: 1 | X5: Housemaid | Z5: 1 | AB5: 1 | AC5: 1
A6: LC2 | B6: The Cottage | D6: Lincoln Circus | E6: Palmer | F6: Edward | H6: 1 | K6: 1 | Q6: 48 | R6: 1 | X6: Gardener | Y6: Domestic | Z6: 1 | AB6: 1 | AD6: Clackmannanshire
A7: LC2 | B7: The Cottage | D7: Lincoln Circus | E7: Palmer | F7: Alice | G7: 1 | L7: 1 | Q7: 52 | R7: 1 | U7: 25 | V7: 5 | W7: 5 | AD7: Derbyshire
A8: LC2 | B8: The Cottage | D8: Lincoln Circus | E8: Palmer | F8: William Edward | H8: 1 | N8: 1 | Q8: 23 | S8: 1 | X8: Telephone Mechanic | Y8: Nat Telephone | Z8: 1 | AB8: 1 | AC8: 1
A9: LC2 | B9: The Cottage | D9: Lincoln Circus | E9: Palmer | F9: Charles Harry | H9: 1 | N9: 1 | Q9: 21 | S9: 1 | X9: Bookeeper | Y9: Printing | Z9: 1 | AB9: 1 | AC9: 1
A10: LC2 | B10: The Cottage | D10: Lincoln Circus | E10: Palmer | F10: Alfred Ernest | H10: 1 | N10: 1 | Q10: 19 | S10: 1 | X10: Clerk | Y10: Nat Telephone | Z10: 1 | AB10: 1 | AC10: 1
A11: LC2 | B11: The Cottage | D11: Lincoln Circus | E11: Palmer | F11: George Albert | H11: 1 | N11: 1 | Q11: 17 | S11: 1 | X11: Warehouse Apprentice | Y11: Lace | Z11: 1 | AB11: 1 | AC11: 1
A12: LC2 | B12: The Cottage | D12: Lincoln Circus | E12: Palmer | F12: Mary Helena | G12: 1 | M12: 1 | Q12: 15 | S12: 1 | X12: Student Governess | Y12: School | Z12: 1 | AB12: 1 | AC12: 1
A13: TOTAL | B13: 2 | E13: 4 | F13: 10 | G13: =SUM(G3:G12) -> 5 | H13: =SUM(H3:H12) -> 5 | I13: =SUM(I3:I12) -> 0 | J13: =SUM(J3:J12) -> 0 | K13: =SUM(K3:K12) -> 1 | L13: =SUM(L3:L12) -> 1 | M13: =SUM(M3:M12) -> 1 | N13: =SUM(N3:N12) -> 4 | ... AC13: =SUM(AC3:AC12) -> 6 | AD13: 4

Sheet newcastlecircus
A1: House ID | B1: House Name | C1: NO. | D1: Address | E1: Family | F1: Name | G1: W/M/G/B | K1: Relationship to Head of family | Q1: Age | R1: Married/Single/Widow/er | S1: SINGLE | T1: Widow/er | U1: Married yrs | V1: Children born | W1: children living | X1: Personal Occupation | Y1: Industry | Z1: Economic participants | AA1: Employer/worker | AC1: Born | AE1: Note
A2: largest household | B2: smallest household | G2: W | H2: M | I2: G | J2: B | K2: HEAD women head | L2: WIFE | M2: daughter | N2: son | O2: Other | P2: Servant | Q2: If <15=child | R2: Married woman | S2: SINGLE woman | T2: Widow er | AA2: Employer | AB2: worker | AC2: Nottinghamshire | AD2: Other
A3: NC1 | B3: Elm | E3: Birkin | F3: Charles Milfred | H3: 1 | K3: 1 | Q3: 45 | R3: 1 | X3: Lace Manuf | Z3: 1 | AA3: 1 | AC3: 1
A4: NC1 | B4: Elm | E4: Birkin | F4: Sarah Ann | G4: 1 | P4: 1 | Q4: 41 | S4: 1 | X4: Cook | AB4: 1 | AC4: 1 | AE4: member of family is cook
A5: NC1 | B5: Elm | E5: Ellis | F5: Elizabeth | G5: 1 | P5: 1 | Q5: 28 | S5: 1 | X5: Housemaid | AB5: 1 | AD5: Staffs
A6: NC1 | B6: Elm | E6: Castledine | F6: Gertrude Jessee | G6: 1 | P6: 1 | Q6: 22 | S6: 1 | X6: Parlour maid | AB6: 1 | AD6: Staffs
A7: NC1 | B7: Elm | E7: Cyre | F7: Julia Hannah | G7: 1 | P7: 1 | Q7: 20 | S7: 1 | X7: housemaid | AB7: 1 | AD7: Derby
A8: NC1 | B8: Elm | E8: Walker | F8: Kentler | G8: 1 | P8: 1 | Q8: 20 | S8: 1 | X8: kitchenmaid | AB8: 1 | AD8: Derby
A9: NC1 | B9: Elm | E9: Riley | F9: Rupert | H9: 1 | O9: visitor | Q9: 36 | R9: 1 | X9: Army capt | AB9: 1 | AD9: USA
A10: NC2 | B10: Burton | E10: Hutchinson | F10: Sarah | G10: 1 | Q10: 49 | S10: 1 | X10: Ladies Comp | AB10: 1 | AC10: 1
A11: NC2 | B11: Burton | E11: Clarke | F11: Emma | G11: 1 | K11: 1 | P11: 1 | Q11: 60 | S11: 1 | X11: Domestic servant | AB11: 1 | AD11: leics
A12: NC2 | B12: Burton | E12: Ward | F12: Mary Ann | G12: 1 | P12: 1 | Q12: 51 | S12: 1 | X12: Domestic servant | AB12: 1 | AC12: 1
A13: NC2 | B13: Burton | E13: Burnett | F13: Mary | G13: 1 | P13: 1 | Q13: 42 | S13: 1 | X13: Domestic servant | AB13: 1 | AD13: lincs
A14: NC2 | B14: Burton | E14: Ruff | F14: Louisa | G14: 1 | P14: 1 | Q14: 16 | S14: 1 | X14: Domestic servant | AB14: 1 | AC14: 1
A15: NC2 | B15: Burton | E15: Hemsley | F15: Stanley | H15: 1 | P15: 1 | Q15: 16 | S15: 1 | X15: Domestic servant | AB15: 1 | AC15: 1
A16: NC2 | B16: Burton | E16: Watson | F16: Elizabeth A | G16: 1 | Q16: 75 | T16: 1 | X16: Private means | AC16: 1 | AE16: born The Park
A17: NC3 | B17: Castlethorpe | E17: Lancashire | F17: Francis | H17: 1 | K17: 1 | Q17: 41 | S17: 1 | X17: hosiery manuf | AA17: 1 | AC17: 1
A18: NC3 | B18: Castlethorpe | E18: Taylor | F18: Helen | G18: 1 | O18: sister | Q18: 40 | T18: 1 | U18: 2 | V18: 1 | W18: 1 | AC18: 1
A19: NC3 | B19: Castlethorpe | E19: Taylor | F19: Edith Joan | G19: 1 | O19: niece | Q19: 12 | AD19: lincs
A20: NC3 | B20: Castlethorpe | E20: Recordon | F20: Nellie Lucie | G20: 1 | P20: 1 | Q20: 23 | X20: governess | AB20: 1 | AD20: Switzerland
A21: NC3 | B21: Castlethorpe | E21: Janes | F21: Sabina | G21: 1 | P21: 1 | Q21: 43 | X21: cook | AB21: 1 | AD21: Bucks
A22: NC3 | B22: Castlethorpe | E22: Curtis | F22: Lily | G22: 1 | P22: 1 | Q22: 24 | X22: housemaid | AB22: 1 | AC22: 1
A23: NC4 | E23: Goddard | F23: H Ernest | H23: 1 | K23: 1 | Q23: 42 | R23: 1 | X23: Dental surgeon | AA23: 1 | AC23: 1
A24: NC4 | E24: Goddard | F24: Alice | G24: 1 | L24: 1 | Q24: 46 | R24: 1 | U24: 13 | AC24: 1
A25: NC4 | E25: Jacklin | F25: Mildred | G25: 1 | P25: 1 | Q25: 46 | S25: 1 | X25: Domestic Serv | AB25: 1 | AD25: Lincs
A26: NC4 | E26: Bennett | F26: Annie | G26: 1 | P26: 1 | Q26: 26 | S26: 1 | X26: Parlour maid | AB26: 1 | AD26: Lincs
A27: NC4 | E27: Sharman | F27: Rosa Ella | G27: 1 | P27: 1 | Q27: 17 | S27: 1 | X27: Housemaid | AB27: 1 | AD27: Northants
A28: TOTAL | B28: 4 | E28: 22 | F28: =SUM(G28:J28) -> 25 | G28: =SUM(G3:G27) -> 20 | H28: =SUM(H3:H27) -> 5 | I28: =SUM(I3:I27) -> 0 | J28: =SUM(J3:J27) -> 0 | K28: =SUM(K3:K27) -> 4 | L28: =SUM(L3:L27) -> 1 | M28: =SUM(M3:M27) -> 0 | N28: =SUM(N3:N27) -> 0 | O28: 3 | P28: =SUM(P3:P27) -> 16 | Q28: =SUM(Q3:Q27) -> 881 | R28: =SUM(R3:R27) -> 4 | S28: =SUM(S3:S27) -> 15 | T28: =SUM(T3:T27) -> 2 | U28: =SUM(U3:U27) -> 15 | V28: =SUM(V3:V27) -> 1 | W28: =SUM(W3:W27) -> 1 | ... Y28: =SUM(Y3:Y27) -> 0 | Z28: =AA28+AB28 -> 21 | AA28: =SUM(AA3:AA27) -> 3 | AB28: =SUM(AB3:AB27) -> 18 | AC28: =SUM(AC3:AC27) -> 12 | AD28: =F28-AC28 -> 13

Sheet Park Drive
A1: House ID | B1: House Name | C1: NO. | D1: Address | E1: Family | F1: Name | G1: W/M/G/B | K1: Relationship to Head of family | Q1: Age | R1: Married/Single/Widow/er | S1: SINGLE | T1: Widow/er | U1: Married yrs | V1: Children born | W1: children living | X1: Personal Occupation | Y1: Industry | Z1: Economic participants | AA1: Employer/worker | AC1: Born | AE1: Note
A2: largest household | B2: smallest household | G2: W | H2: M | I2: G | J2: B | K2: HEAD women head | L2: WIFE | M2: daughter | N2: son | O2: Other | P2: Servant | Q2: If <15=child | R2: Married woman | S2: SINGLE woman | T2: Widow er | AA2: Employer | AB2: worker | AC2: Nottinghamshire | AD2: Other shire
A3: PD1 | D3: Park Drive | E3: Homberger | F3: Otto | H3: 1 | K3: 1 | Q3: 59 | R3: 1 | X3: Merchant | Z3: 1 | AA3: 1 | AD3: Germany
A4: PD1 | D4: Park Drive | E4: Homberger | F4: Kate A | G4: 1 | L4: 1 | Q4: 46 | R4: 1 | U4: 24 | AC4: 1
A5: PD1 | D5: Park Drive | E5: Ganderton | F5: Nellie | G5: 1 | P5: 1 | Q5: 16 | S5: 1 | X5: Cook | Z5: 1 | AB5: 1 | AD5: London
A6: PD1 | D6: Park Drive | E6: Pittaway | F6: Emma | G6: 1 | P6: 1 | Q6: 24 | S6: 1 | X6: Parlourmaid | Z6: 1 | AB6: 1 | AD6: Cheshire
A7: PD1 | D7: Park Drive | E7: Jones | F7: Alice | G7: 1 | P7: 1 | Q7: 24 | S7: 1 | X7: Housemaid | Z7: 1 | AB7: 1 | AD7: Bucks
A8: PD1 | D8: Park Drive | E8: Pulford | F8: Edna | G8: 1 | P8: 1 | Q8: 17 | S8: 1 | X8: Kitchenmaid | Z8: 1 | AB8: 1 | AC8: 1
A9: PD2 | B9: Clumber | D9: Park Drive | E9: Gregory | F9: William Godfrey | H9: 1 | K9: 1 | Q9: 77 | T9: 1 | X9: Plain & Spot Net Manuf | Z9: 1 | AA9: 1 | AC9: 1
A10: PD2 | B10: Clumber | D10: Park Drive | E10: Gregory | F10: Charles Arthur | H10: 1 | N10: 1 | Q10: 45 | S10: 1 | AC10: 1
A11: PD2 | B11: Clumber | D11: Park Drive | E11: Gregory | F11: Ellen Augusta | G11: 1 | M11: 1 | Q11: 47 | S11: 1 | AC11: 1
A12: PD2 | B12: Clumber | D12: Park Drive | E12: Marler | F12: Gladys Eslie | G12: 1 | P12: 1 | Q12: 20 | S12: 1 | X12: General serv | Z12: 1 | AB12: 1 | AC12: 1
A13: PD2 | B13: Clumber | D13: Park Drive | E13: Wildmore | F13: Maud Mary | G13: 1 | P13: 1 | Q13: 32 | S13: 1 | X13: General serv | Z13: 1 | AB13: 1 | AD13: Lincs
A14: PD2 | B14: Clumber | D14: Park Drive | E14: Wilkinson | F14: Sarah Elizabeth | G14: 1 | P14: 1 | Q14: 28 | S14: 1 | X14: General serv | Z14: 1 | AB14: 1 | AD14: Lincs
A15: PD3 | C15: 3 | D15: Park Drive | E15: Mellers | F15: Henry James | H15: 1 | K15: 1 | Q15: 59 | R15: 1 | X15: Lace manuf | Z15: 1 | AA15: 1 | AC15: 1
A16: PD3 | C16: 3 | D16: Park Drive | E16: Mellers | F16: Phebe | G16: 1 | L16: 1 | Q16: 57 | R16: 1 | U16: 36 | V16: 4 | W16: 3 | AD16: derby
A17: PD3 | C17: 3 | D17: Park Drive | E17: Mellers | F17: Phebe Agnes Marjorie | I17: 1 | M17: 1 | Q17: 15 | S17: 1 | X17: scholar | AC17: 1 | AE17: the park
A18: PD3 | C18: 3 | D18: Park Drive | E18: Knott | F18: Daisy | G18: 1 | P18: 1 | Q18: 23 | S18: 1 | X18: cook | Z18: 1 | AB18: 1 | AD18: leics
A19: PD3 | C19: 3 | D19: Park Drive | E19: Cluer | F19: Gertrude Rebecca | G19: 1 | P19: 1 | Q19: 16 | S19: 1 | X19: housemaid | Z19: 1 | AB19: 1 | AD19: leics
A20: PD4 | C20: 1 | D20: Park Drive | E20: Wynn Humphries | F20: Edward | H20: 1 | K20: 1 | Q20: 52 | R20: 1 | X20: Official receiver in bank | Y20: bank of trade | Z20: 1 | AA20: 1 | AD20: manc | AE20: status of emp /worker empty
A21: PD4 | C21: 1 | D21: Park Drive | E21: Brown | F21: Elizabeth | G21: 1 | P21: 1 | Q21: 22 | S21: 1 | X21: domestic servant | Z21: 1 | AB21: 1 | AD21: Derby
A22: TOTAL | B22: 4 | E22: 14 | F22: 19 | G22: =SUM(G3:G21) -> 13 | H22: =SUM(H3:H21) -> 5 | I22: =SUM(I3:I21) -> 1 | J22: =SUM(J3:J21) -> 0 | K22: =SUM(K3:K21) -> 4 | L22: =SUM(L3:L21) -> 2 | M22: =SUM(M3:M21) -> 2 | N22: =SUM(N3:N21) -> 1 | ... AC22: =SUM(AC3:AC21) -> 8 | AD22: 11

Sheet Peveril Drive
A1: House ID | B1: House Name | C1: NO. | D1: Address | E1: Family | F1: Name | G1: W/M/G/B | K1: Relationship to Head of family | Q1: Age | R1: Married/Single/Widow/er | S1: SINGLE | T1: Widow/er | U1: Married yrs | V1: Children born | W1: children living | X1: Personal Occupation | Y1: Industry | Z1: Economic participants | AA1: Employer/worker | AC1: Born | AE1: Note
A2: largest household | B2: smallest household | G2: W | H2: M | I2: G | J2: B | K2: HEAD women head | L2: WIFE | M2: daughter | N2: son | O2: Other | P2: Servant | Q2: If <15=child | R2: Married woman | S2: SINGLE woman | T2: Widow er | AA2: Employer | AB2: worker | AC2: Nottinghamshire | AD2: Other
A3: PeD1 | D3: Peveril Drive | E3: Turpin | F3: John | H3: 1 | K3: 1 | Q3: 62 | R3: 1 | X3: Provision Manuf | Y3: Wholesale Retail | Z3: 1 | AA3: 1 | AD3: Derby
A4: PeD1 | D4: Peveril Drive | E4: Turpin | F4: Isabella | G4: 1 | L4: 1 | Q4: 56 | R4: 1 | U4: 31 | V4: 8 | W4: 7 | AD4: Kirkcudshire
A5: PeD1 | D5: Peveril Drive | E5: Turpin | F5: Heneyer | G5: 1 | N5: 1 | Q5: 28 | S5: 1 | X5: Colliery & mill furnisher | Z5: 1 | AA5: 1 | AC5: 1
A6: PeD1 | D6: Peveril Drive | E6: Turpin | F6: Robert | H6: 1 | N6: 1 | Q6: 25 | S6: 1 | X6: Blouse Manu | Z6: 1 | AB6: 1 | AC6: 1
A7: PeD1 | D7: Peveril Drive | E7: Turpin | F7: Janet Kathleen | G7: 1 | M7: 1 | Q7: 20 | S7: 1 | AC7: 1
A8: PeD1 | D8: Peveril Drive | E8: Turpin | F8: Charles Hugh Kerney | J8: 1 | N8: 1 | Q8: 14 | X8: Scholar | AC8: 1
A9: PeD1 | D9: Peveril Drive | E9: Cowlishow | F9: Helen Ivy | G9: 1 | P9: 1 | Q9: 35 | S9: 1 | X9: General Servant | Z9: 1 | AB9: 1 | AC9: 1
A10: PeD2 | B10: Ivanhoe Lodge | D10: Peveril Drive | E10: Derry | F10: Henry | H10: 1 | K10: 1 | Q10: 47 | R10: 1 | X10: General printer ^ account bk maker | Z10: 1 | AA10: 1 | AD10: Leics
A11: PeD2 | B11: Ivanhoe Lodge | D11: Peveril Drive | E11: Derry | F11: Jessie Ann | G11: 1 | L11: 1 | Q11: 43 | R11: 1 | U11: 15 | V11: 2 | AD11: Liverpool
A12: PeD2 | B12: Ivanhoe Lodge | D12: Peveril Drive | E12: Derry | F12: Hilda Mary | J12: 1 | M12: 1 | Q12: 12 | X12: scholar | AC12: 1
A13: PeD2 | B13: Ivanhoe Lodge | D13: Peveril Drive | E13: Derry | F13: Ida Marie | I13: 1 | M13: 1 | Q13: 9 | X13: scholar | AC13: 1
A14: PeD2 | B14: Ivanhoe Lodge | D14: Peveril Drive | E14: Tonks | F14: Alice | G14: 1 | O14: visitor | Q14: 32 | S14: 1 | X14: lady's companion | Z14: 1 | AB14: 1 | AD14: Shreewbury | AE14: Have put as worker but was not entered on census
A15: PeD3 | B15: Park Dale | D15: Peveril Drive | E15: Woodward | F15: Sydney | H15: 1 | K15: 1 | Q15: 27 | R15: 1 | X15: Lace Manu | Y15: Frank Woodward Co. Ltd | Z15: 1 | AA15: 1 | AC15: 1
A16: PeD3 | B16: Park Dale | D16: Peveril Drive | E16: Woodward | F16: Margaret | G16: 1 | L16: 1 | Q16: 28 | R16: 1 | U16: 3 | V16: 1 | W16: 1 | AC16: 1
A17: PeD3 | B17: Park Dale | D17: Peveril Drive | E17: woodward | F17: Evelyn | I17: 1 | M17: 1 | Q17: 2 | AC17: 1
A18: PeD3 | B18: Park Dale | D18: Peveril Drive | E18: Cole | F18: Ruth | G18: 1 | P18: 1 | Q18: 50 | S18: 1 | X18: Housemaid | Z18: 1 | AB18: 1 | AD18: northants
A19: PeD3 | B19: Park Dale | D19: Peveril Drive | E19: Barker | F19: Mabel | G19: 1 | P19: 1 | Q19: 22 | S19: 1 | X19: Cook | Z19: 1 | AB19: 1 | AC19: 1
A20: PeD3 | B20: Park Dale | D20: Peveril Drive | E20: Galpin | F20: Hilda | G20: 1 | P20: 1 | Q20: 19 | S20: 1 | X20: Nurse | Z20: 1 | AB20: 1 | AC20: 1
A21: PeD4 | B21: Dudley Lodge | D21: Peveril Drive | E21: Spalding | F21: William Arthur | H21: 1 | K21: 1 | Q21: 39 | R21: 1 | X21: Draper | Z21: 1 | AA21: 1 | AD21: London
A22: PeD4 | B22: Dudley Lodge | D22: Peveril Drive | E22: Spalding | F22: Lilian Alice | G22: 1 | L22: 1 | Q22: 38 | R22: 1 | U22: 5 | AD22: London
A23: PeD4 | B23: Dudley Lodge | D23: Peveril Drive | E23: Rogers | F23: Mabel | G23: 1 | P23: 1 | Q23: 22 | S23: 1 | X23: General Servant | Z23: 1 | AB23: 1 | AC23: 1
A24: PeD4 | B24: Dudley Lodge | D24: Peveril Drive | E24: Taylor | F24: Florence Agnes | G24: 1 | P24: 1 | Q24: 18 | S24: 1 | X24: General Servant | Z24: 1 | AB24: 1 | AD24: Derby
A25: PeD5 | B25: Harlech | D25: Peveril Drive | E25: Goodliffe | F25: Johanne | G25: 1 | K25: 1 | Q25: 74 | T25: 1 | V25: 2 | W25: 2 | X25: private means | AD25: Lincs
A26: PeD5 | B26: Harlech | D26: Peveril Drive | E26: Barfield | F26: Sarah Jane | G26: 1 | P26: 1 | S26: 1 | X26: cook | Z26: 1 | AB26: 1 | AD26: Rutland
A27: PeD5 | B27: Harlech | D27: Peveril Drive | E27: Barfield | F27: Mary Rosina | G27: 1 | P27: 1 | S27: 1 | X27: housemaid | Z27: 1 | AB27: 1 | AD27: Rutland
A28: PeD6 | B28: Easdale | D28: Peveril Drive | E28: Polley | F28: Edwin | H28: 1 | K28: 1 | Q28: 35 | R28: 1 | X28: Manager | Y28: Cold Storage | Z28: 1 | AB28: 1 | AD28: Middx
A29: PeD6 | B29: Easdale | D29: Peveril Drive | E29: Polley | F29: Janey | G29: 1 | L29: 1 | Q29: 28 | R29: 1 | U29: 4 | AD29: Staffs
A30: PeD6 | B30: Easdale | D30: Peveril Drive | E30: Jackson | F30: Mary | G30: 1 | P30: 1 | Q30: 15 | S30: 1 | X30: General servant | Z30: 1 | AB30: not entered | AD30: Warwicks
A31: PeD7 | B31: Castle Rock | D31: Peveril Drive | E31: Lloyd | F31: Edward Evans | H31: 1 | K31: 1 | Q31: 68 | R31: 1 | X31: Lead Mauf agent | Z31: 1 | AB31: 1 | AD31: Lancs
A32: PeD7 | B32: Castle Rock | D32: Peveril Drive | E32: Lloyd | F32: Hannah Stanger | G32: 1 | L32: 1 | Q32: 60 | R32: 1 | U32: 14 | AC32: 1
A33: PeD7 | B33: Castle Rock | D33: Peveril Drive | E33: Gill | F33: Ida Maud | G33: 1 | P33: 1 | Q33: 19 | S33: 1 | X33: General Servant | Z33: 1 | AB33: not entered | AD33: London
A34: PeD8 | C34: 3 | D34: Peveril Drive | E34: Burton | F34: Christopher | H34: 1 | K34: 1 | Q34: 47 | R34: 1 | X34: Tailor & Clothier | Z34: 1 | AA34: 1 | AD34: Lincs
A35: PeD8 | C35: 3 | D35: Peveril Drive | E35: Burton | F35: Emily | G35: 1 | L35: 1 | Q35: 48 | R35: 1 | U35: 21 | V35: 4 | W35: 3 | AD35: Suffolk
A36: PeD8 | C36: 3 | D36: Peveril Drive | E36: Burton | F36: Robert Godfrey | H36: 1 | N36: 1 | Q36: 20 | S36: 1 | X36: Clothiers assist | Z36: 1 | AB36: 1 | AC36: 1
A37: PeD8 | C37: 3 | D37: Peveril Drive | E37: Burton | F37: Ivy Kathleen Rose | G37: 1 | M37: 1 | Q37: 19 | S37: 1 | AC37: 1
A38: PeD8 | C38: 3 | D38: Peveril Drive | E38: Burton | F38: Emilie Doreen | I38: 1 | M38: 1 | Q38: 9 | X38: School | AC38: 1
A39: PeD9 | C39: 2 | D39: Peveril Drive | E39: Holgate | F39: Anne Maria | G39: 1 | K39: 1 | Q39: 55 | T39: 1 | V39: 4 | W39: 4 | AD39: Yorks
A40: PeD9 | C40: 2 | D40: Peveril Drive | E40: Holgate | F40: Ernest William | H40: 1 | N40: 1 | Q40: 22 | S40: 1 | X40: Engineering student | AC40: 1
A41: PeD9 | C41: 2 | D41: Peveril Drive | E41: Holgate | F41: Muriel Ellen | G41: 1 | M41: 1 | Q41: 18 | S41: 1 | X41: School | AC41: 1
A42: PeD9 | C42: 2 | D42: Peveril Drive | E42: Hird | F42: Louisa | G42: 1 | P42: 1 | Q42: 26 | S42: 1 | X42: General Servant | Z42: 1 | AD42: Leics
A43: PeD10 | C43: 1 | D43: Peveril Drive | E43: Cowen | F43: Edward Samuel | H43: 1 | K43: 1 | Q43: 60 | S43: 1 | X43: Iron founder Engineer Boiler Maker | Z43: 1 | AA43: 1 | AC43: 1
A44: PeD10 | C44: 1 | D44: Peveril Drive | E44: Watson | F44: Hannah | G44: 1 | P44: 1 | Q44: 47 | S44: 1 | X44: Cook | Z44: 1 | AD44: Lincs
A45: PeD10 | C45: 1 | D45: Peveril Drive | E45: Clark | F45: Ada | G45: 1 | P45: 1 | Q45: 20 | S45: 1 | X45: Housemaid | Z45: 1 | AC45: 1
A46: PeD11 | C46: 4 | D46: Peveril Drive | E46: Lamb | F46: Henry | G46: 1 | K46: 1 | Q46: 37 | R46: 1 | X46: County surveyors assist | Y46: NCC | Z46: 1 | AD46: Leics
A47: PeD11 | C47: 4 | D47: Peveril Drive | E47: Lamb | F47: Gertrude Hannah | G47: 1 | L47: 1 | Q47: 35 | R47: 1 | U47: 13 | V47: 5 | W47: 5 | AC47: 1
A48: PeD11 | C48: 4 | D48: Peveril Drive | E48: Lamb | F48: Henry Seymour | H48: 1 | N48: 1 | Q48: 12 | X48: School | AC48: 1
A49: PeD11 | C49: 4 | D49: Peveril Drive | E49: Lamb | F49: Ruth Gertrude | I49: 1 | M49: 1 | Q49: 9 | AC49: 1
A50: PeD11 | C50: 4 | D50: Peveril Drive | E50: Lamb | F50: Edgar John | I50: 1 | N50: 1 | Q50: 8 | AC50: 1
A51: PeD11 | C51: 4 | D51: Peveril Drive | E51: Lamb | F51: Max William | J51: 1 | N51: 1 | Q51: 4 | AC51: 1
A52: PeD11 | C52: 4 | D52: Peveril Drive | E52: Lamb | F52: Charles Harrison | J52: 1 | N52: 1 | Q52: 8 mths | AC52: 1
A53: PeD11 | C53: 4 | D53: Peveril Drive | E53: Ludlam | F53: Gertrude | G53: 1 | P53: 1 | Q53: 21 | S53: 1 | X53: General servant | Z53: 1 | AD53: Derby
A54: TOTAL | D54: 11 | E54: 25 | F54: =SUM(G54:J54) -> 51 | G54: =SUM(G3:G53) -> 30 | H54: =SUM(H3:H53) -> 12 | I54: =SUM(I3:I53) -> 5 | J54: =SUM(J3:J53) -> 4 | K54: =SUM(K3:K53) -> 11 | L54: =SUM(L3:L53) -> 8 | M54: =SUM(M3:M53) -> 8 | N54: =SUM(N3:N53) -> 9 | O54: 1 | P54: =SUM(P3:P53) -> 14 | Q54: =SUM(Q3:Q53) -> 1464 | R54: =SUM(R3:R53) -> 16 | S54: =SUM(S3:S53) -> 23 | T54: =SUM(T3:T53) -> 2 | U54: =SUM(U3:U53) -> 106 | V54: =SUM(V3:V53) -> 26 | W54: =SUM(W3:W53) -> 22 | ... AC54: =SUM(AC3:AC53) -> 27 | AD54: =F54-AC54 -> 24

Sheet lentonave-dan
A1: House ID | B1: House Name | C1: NO. | D1: Address | E1: Belongs to House | F1: Plot No | G1: Family | H1: Name | I1: Woman | J1: Man | K1: Girl | L1: Boy | M1: Head of family | N1: Wife | O1: Daughter | P1: Son | Q1: Other | R1: Servant | S1: Age | T1: Year of Birth | U1: Married | V1: SINGLE | W1: Widow/er | X1: Years Married | Y1: Personal Occupation | Z1: Industry | AA1: Economic participants | AB1: Employer | AC1: Worker | AD1: Born Nottinghamshire | AE1: Born Other | AF1: Birth County | AG1: Place Town | AH1: Note | AI1: Households | AJ1: Population | AK1: Family | AL1: Servants | AM1: Marital status - Married | AN1: Marital status - Single | AO1: Marital Status - Widow/er | AP1: Employer | AQ1: Worker | AR1: Place of birth - Nottingham | AS1: Place of birth - Oher
A2: largest household | B2: smallest household | E2: Coach House | M2: FEMALE HEAD | S2: If <15=child | U2: Married woman | V2: SINGLE woman | W2: Widow
A3: LA1 | B3: Newlands | C3: 33 | D3: Lenton Avenue | F3: 426 | G3: Wadsworth | H3: Frederic | J3: 1 | M3: 1 | S3: 73 | T3: 1838 | W3: 1 | Y3: Solicitor | Z3: Legal | AA3: 1 | AB3: 1 | AD3: 1 | AF3: Nottinghamshire | AG3: Nottingham
A4: LA1 | B4: Newlands | C4: 33 | D4: Lenton Avenue | F4: 426 | G4: Wadsworth | H4: Mary Lois | I4: 1 | O4: 1 | S4: 33 | T4: 1878 | V4: 1 | AD4: 1 | AF4: Nottinghamshire | AG4: Nottingham
A5: LA1 | B5: Newlands | C5: 33 | D5: Lenton Avenue | F5: 426 | G5: Wilford | H5: Alice Sophia | I5: 1 | R5: 1 | S5: 30 | T5: 1881 | V5: 1 | Y5: Serving Maid | Z5: Domestic | AA5: 1 | AC5: 1 | AE5: 1 | AF5: Leicestershire | AG5: Scalford
A6: LA1 | B6: Newlands | C6: 33 | D6: Lenton Avenue | F6: 426 | G6: Webb | H6: Edith | I6: 1 | R6: 1 | S6: 32 | T6: 1879 | V6: 1 | Y6: Housemaid | Z6: Domestic | AA6: 1 | AC6: 1 | AE6: 1 | AF6: Lincolnshire | AG6: Gedney
A7: LA1 | B7: Newlands | C7: 33 | D7: Lenton Avenue | F7: 426 | G7: Lacey | H7: Mary Ellen | I7: 1 | R7: 1 | S7: 37 | T7: 1874 | V7: 1 | Y7: Cook | Z7: Domestic | AA7: 1 | AC7: 1 | AE7: 1 | AF7: Lincolnshire | AG7: Norton Disney
A8: LA2 | B8: Greylands | C8: 31 | D8: Lenton Avenue | F8: 424 | G8: Lancaster | H8: Annie | I8: 1 | M8: 1 | S8: 50 | T8: 1861 | W8: 1 | Y8: Private Means | AE8: 1 | AF8: Cheshire | AG8: Altringham
A9: LA2 | B9: Greylands | C9: 31 | D9: Lenton Avenue | F9: 424 | G9: Lancaster | H9: Ethel | I9: 1 | O9: 1 | S9: 24 | T9: 1887 | V9: 1 | AD9: 1 | AF9: Nottinghamshire | AG9: Sherwood
A10: LA2 | B10: Greylands | C10: 31 | D10: Lenton Avenue | F10: 424 | G10: Lancaster | H10: Gerald William | J10: 1 | P10: 1 | S10: 22 | T10: 1889 | V10: 1 | Y10: Mining Engineer | Z10: Mining | AA10: 1 | AC10: 1 | AD10: 1 | AF10: Nottinghamshire | AG10: Sherwood
A11: LA2 | B11: Greylands | C11: 31 | D11: Lenton Avenue | F11: 424 | G11: Lancaster | H11: Hannah | I11: 1 | Q11: 1 | S11: 68 | T11: 1843 | V11: 1 | AE11: 1 | AF11: Lancashire | AG11: Patricroft
A12: LA2 | B12: Greylands | C12: 31 | D12: Lenton Avenue | F12: 424 | G12: Harrison | H12: Rachael | I12: 1 | R12: 1 | S12: 23 | T12: 1888 | V12: 1 | Y12: Servant | Z12: Domestic | AA12: 1 | AC12: 1 | AD12: 1 | AF12: Nottinghamshire | AG12: Nuthall
A13: LA2 | B13: Greylands | C13: 31 | D13: Lenton Avenue | F13: 424 | G13: Baylies | H13: Rose | I13: 1 | R13: 1 | S13: 24 | T13: 1887 | V13: 1 | Y13: Servant | Z13: Domestic | AA13: 1 | AC13: 1 | AE13: 1 | AF13: Warwickshire | AG13: Churchover
A14: LA3 | B14: Glenthorpe | C14: 29 | D14: Lenton Avenue | F14: 421 | G14: Sampson | H14: Walter | J14: 1 | M14: 1 | S14: 64 | T14: 1847 | U14: 1 | Y14: Lace Manufacturer | Z14: Lace | AA14: 1 | AB14: 1 | AD14: 1 | AF14: Nottinghamshire | AG14: Lenton
A15: LA3 | B15: Glenthorpe | C15: 29 | D15: Lenton Avenue | F15: 421 | G15: Sampson | H15: Mary | I15: 1 | N15: 1 | S15: 67 | T15: 1844 | U15: 1 | X15: 42 | AD15: 1 | AF15: Nottinghamshire | AG15: Dupart,
A16: LA3 | B16: Glenthorpe | C16: 29 | D16: Lenton Avenue | F16: 421 | G16: Sampson | H16: Albert | J16: 1 | P16: 1 | S16: 36 | T16: 1875 | V16: 1 | Y16: Lace Merchant | Z16: Lace | AA16: 1 | AB16: 1 | AD16: 1 | AF16: Nottinghamshire | AG16: Nottingham
A17: LA3 | B17: Glenthorpe | C17: 29 | D17: Lenton Avenue | F17: 421 | G17: Sampson | H17: Peray | J17: 1 | P17: 1 | S17: 33 | T17: 1878 | V17: 1 | Y17: Lace Manufacturer | Z17: Lace | AA17: 1 | AC17: 1 | AD17: 1 | AF17: Nottinghamshire | AG17: Nottingham
A18: LA3 | B18: Glenthorpe | C18: 29 | D18: Lenton Avenue | F18: 421 | G18: Sampson | H18: Flora | I18: 1 | O18: 1 | S18: 30 | T18: 1881 | V18: 1 | AD18: 1 | AF18: Nottinghamshire | AG18: Nottingham
A19: LA3 | B19: Glenthorpe | C19: 29 | D19: Lenton Avenue | F19: 421 | G19: Sampson | H19: Effie | I19: 1 | O19: 1 | S19: 26 | T19: 1885 | V19: 1 | AD19: 1 | AF19: Nottinghamshire | AG19: Nottingham
A20: LA3 | B20: Glenthorpe | C20: 29 | D20: Lenton Avenue | F20: 421 | G20: Clark | H20: Amy | I20: 1 | R20: 1 | S20: 24 | T20: 1887 | V20: 1 | Y20: Servant | Z20: Domestic | AA20: 1 | AC20: 1 | AD20: 1 | AF20: Nottinghamshire | AG20: Girton
A21: LA3 | B21: Glenthorpe | C21: 29 | D21: Lenton Avenue | F21: 421 | G21: Davis | H21: Agnes | I21: 1 | R21: 1 | S21: 22 | T21: 1889 | V21: 1 | Y21: Servant | Z21: Domestic | AA21: 1 | AC21: 1 | AE21: 1 | AF21: Derbyshire | AG21: South Normanton
A22: LA3 | B22: Glenthorpe | C22: 29 | D22: Lenton Avenue | F22: 421 | G22: Bradshaw | H22: Emma | I22: 1 | R22: 1 | S22: 22 | T22: 1889 | V22: 1 | Y22: Servant | Z22: Domestic | AA22: 1 | AC22: 1 | AE22: 1 | AF22: Derbyshire | AG22: Riddings
A23: LA4 | C23: 27 | D23: Lenton Avenue | F23: 420 | G23: Hauson | H23: Henry | J23: 1 | M23: 1 | S23: 37 | T23: 1874 | U23: 1 | Y23: Solicitor | Z23: Legal | AA23: 1 | AB23: 1 | AD23: 1 | AF23: Nottinghamshire | AG23: Kimberley
A24: LA4 | C24: 27 | D24: Lenton Avenue | F24: 420 | G24: Hauson | H24: Marion | I24: 1 | N24: 1 | S24: 32 | T24: 1879 | U24: 1 | X24: 8 | AE24: 1 | AF24: Middlesex | AG24: Marylebone
A25: LA4 | C25: 27 | D25: Lenton Avenue | F25: 420 | G25: Hauson | H25: Charles Claridge | L25: 1 | P25: 1 | S25: 6 | T25: 1905 | V25: 1 | AD25: 1 | AF25: Nottinghamshire | AG25: Southwell,
A26: LA4 | C26: 27 | D26: Lenton Avenue | F26: 420 | G26: Hauson | H26: Henry Norman | L26: 1 | P26: 1 | S26: 1 | T26: 1910 | V26: 1 | AD26: 1 | AF26: Nottinghamshire | AG26: Nottingham
A27: LA4 | C27: 27 | D27: Lenton Avenue | F27: 420 | G27: Green | H27: Maud Hannah | I27: 1 | R27: 1 | S27: 32 | T27: 1879 | V27: 1 | Y27: Cook | Z27: Domestic | AA27: 1 | AC27: 1 | AE27: 1 | AF27: Essex | AG27: Essex
A28: LA4 | C28: 27 | D28: Lenton Avenue | F28: 420 | G28: Dudgeon | H28: Margaret | I28: 1 | R28: 1 | S28: 22 | T28: 1889 | V28: 1 | Y28: Housemaid | Z28: Domestic | AA28: 1 | AC28: 1 | AE28: 1 | AF28: Staffordhsire | AG28: Burton upon Trent
A29: LA5 | B29: Arlington House | C29: 25 | D29: Lenton Avenue | F29: 419 | G29: Crewdson | H29: Henry | J29: 1 | M29: 1 | S29: 58 | T29: 1853 | U29: 1 | Y29: Solicitor | Z29: Legal | AA29: 1 | AB29: 1 | AE29: 1 | AF29: Westmoreland | AG29: Kendal,
A30: LA5 | B30: Arlington House | C30: 25 | D30: Lenton Avenue | F30: 419 | G30: Creoom-Crewdson | H30: Margaret | I30: 1 | N30: 1 | S30: 52 | T30: 1859 | U30: 1 | X30: 28 | AE30: 1 | AF30: Lanerkshire | AG30: Glasgow,
A31: LA5 | B31: Arlington House | C31: 25 | D31: Lenton Avenue | F31: 419 | G31: Goulty | H31: Mary | I31: 1 | R31: 1 | S31: 28 | T31: 1883 | V31: 1 | Y31: Cook | Z31: Domestic | AA31: 1 | AC31: 1 | AD31: 1 | AF31: Nottinghamshire | AG31: Aslockton
A32: LA5 | B32: Arlington House | C32: 25 | D32: Lenton Avenue | F32: 419 | G32: Ogden | H32: Lucy | I32: 1 | R32: 1 | S32: 29 | T32: 1882 | V32: 1 | Y32: Parlor Maid | Z32: Domestic | AA32: 1 | AC32: 1 | AE32: 1 | AF32: Lincolnshire | AG32: Digby
A33: LA5 | B33: Arlington House | C33: 25 | D33: Lenton Avenue | F33: 419 | G33: Lawrence | H33: Lilian | I33: 1 | R33: 1 | S33: 35 | T33: 1876 | V33: 1 | Y33: Maid | Z33: Domestic | AA33: 1 | AC33: 1 | AD33: 1 | AF33: Nottinghamshire | AG33: Nottingham
A34: LA5 | B34: Arlington House | C34: 25 | D34: Lenton Avenue | F34: 419 | G34: Bird | H34: Gerturde Fanny | I34: 1 | R34: 1 | S34: 19 | T34: 1892 | V34: 1 | Y34: House Maid | Z34: Domestic | AA34: 1 | AC34: 1 | AE34: 1 | AF34: Leicestershire | AG34: Stathern
A35: LA6 | C35: 14 | D35: Lenton Avenue | E35: 29 | F35: 417 | G35: Gamble | H35: John George | J35: 1 | M35: 1 | S35: 46 | T35: 1865 | U35: 1 | Y35: Horse Depository Foreman | Z35: Domestic | AA35: 1 | AC35: 1 | AD35: 1 | AF35: Nottinghamshire | AG35: Nottingham
A36: LA6 | C36: 14 | D36: Lenton Avenue | E36: 29 | F36: 417 | G36: Gamble | H36: Elizabeth Ann | I36: 1 | N36: 1 | S36: 47 | T36: 1864 | U36: 1 | X36: 26 | AD36: 1 | AF36: Nottinghamshire | AG36: Nottingham
A37: LA6 | C37: 14 | D37: Lenton Avenue | E37: 29 | F37: 417 | G37: Gamble | H37: Edith | I37: 1 | O37: 1 | S37: 25 | T37: 1886 | V37: 1 | Y37: Elementary School Teacher | Z37: Education | AA37: 1 | AC37: 1 | AD37: 1 | AF37: Nottinghamshire | AG37: Nottingham
A38: LA6 | C38: 14 | D38: Lenton Avenue | E38: 29 | F38: 417 | G38: Gamble | H38: Irene | K38: 1 | O38: 1 | S38: 11 | T38: 1900 | V38: 1 | Y38: Attends School | AD38: 1 | AF38: Nottinghamshire | AG38: Nottingham
A39: LA7 | C39: 12 | D39: Lenton Avenue | E39: 29 | F39: 417 | G39: Rawson | H39: Henry | J39: 1 | M39: 1 | S39: 57 | T39: 1854 | U39: 1 | Y39: Gardener | Z39: Domestic | AA39: 1 | AC39: 1 | AD39: 1 | AF39: Nottinghamshire | AG39: Normanton
A40: LA7 | C40: 12 | D40: Lenton Avenue | E40: 29 | F40: 417 | G40: Rawson | H40: Elizabeth | J40: 1 | N40: 1 | S40: 55 | T40: 1856 | U40: 1 | X40: 34 | AD40: 1 | AF40: Nottinghamshire | AG40: Blidworth
A41: LA7 | C41: 12 | D41: Lenton Avenue | E41: 29 | F41: 417 | G41: Rawson | H41: Mabel | J41: 1 | O41: 1 | S41: 20 | T41: 1891 | V41: 1 | Y41: Clerk (Fancy Goods) | Z41: Retail | AA41: 1 | AC41: 1 | AD41: 1 | AF41: Nottinghamshire | AG41: Radford
A42: LA7 | C42: 12 | D42: Lenton Avenue | E42: 29 | F42: 417 | G42: Rawson | H42: Ethel | J42: 1 | O42: 1 | S42: 16 | T42: 1895 | V42: 1 | Y42: Clerk (latunery) | AA42: 1 | AC42: 1 | AD42: 1 | AF42: Nottinghamshire | AG42: Nottingham
A43: LA7 | C43: 12 | D43: Lenton Avenue | E43: 29 | F43: 417 | G43: Rawson | H43: Alice may | K43: 1 | O43: 1 | S43: 11 | T43: 1900 | V43: 1 | Y43: Attends School | AD43: 1 | AF43: Nottinghamshire | AG43: Nottingham
A44: LA8 | C44: 10 | D44: Lenton Avenue | E44: 23 | F44: 417 | G44: Kirk | H44: John George | J44: 1 | M44: 1 | S44: 69 | T44: 1842 | W44: 1 | Y44: Coachman | Z44: Domestic | AA44: 1 | AC44: 1 | AD44: 1 | AF44: Nottinghamshire | AG44: Arnold
A45: LA8 | C45: 10 | D45: Lenton Avenue | E45: 23 | F45: 417 | G45: Kirk | H45: Alice may | I45: 1 | O45: 1 | S45: 35 | T45: 1876 | V45: 1 | AD45: 1 | AF45: Nottinghamshire | AG45: New Radford
A46: LA8 | C46: 10 | D46: Lenton Avenue | E46: 23 | F46: 417 | G46: Kirk | H46: Annie | I46: 1 | O46: 1 | S46: 32 | T46: 1879 | V46: 1 | Y46: Plain Net Mender | Z46: Lace | AA46: 1 | AC46: 1 | AD46: 1 | AF46: Nottinghamshire | AG46: New Radford
A47: LA9 | C47: 8 | D47: Lenton Avenue | E47: 23 | F47: 417 | G47: Smith | H47: Frederick W | J47: 1 | M47: 1 | S47: 24 | T47: 1887 | U47: 1 | Y47: Butler | Z47: Domestic | AA47: 1 | AE47: 1 | AF47: Derbyshire | AG47: Brailsford
A48: LA9 | C48: 8 | D48: Lenton Avenue | E48: 23 | F48: 417 | G48: Smith | H48: Mary | I48: 1 | N48: 1 | S48: 28 | T48: 1883 | U48: 1 | X48: 4 | AE48: 1 | AF48: Cheshire | AG48: Crewe
A49: LA9 | C49: 8 | D49: Lenton Avenue | E49: 23 | F49: 417 | G49: Smith | H49: Doris | K49: 1 | O49: 1 | S49: 3 | T49: 1908 | V49: 1 | AE49: 1 | AF49: Cheshire | AG49: Crewe
A50: LA9 | C50: 8 | D50: Lenton Avenue | E50: 23 | F50: 417 | G50: Smith | H50: Lillian | K50: 1 | O50: 1 | S50: 0.5 | T50: 1910 | V50: 1 | AD50: 1 | AF50: Nottinghamshire | AG50: Nottingham
A51: LA10 | C51: 23 | D51: Lenton Avenue | F51: 416 | G51: Guilford | H51: Sarah | I51: 1 | M51: 1 | S51: 75 | T51: 1836 | V51: 1 | Y51: Private Means | AD51: 1 | AF51: Nottinghamshire | AG51: Nottingham
A52: LA10 | C52: 23 | D52: Lenton Avenue | F52: 416 | G52: Guilford | H52: Hannah | I52: 1 | Q52: 1 | S52: 71 | T52: 1840 | V52: 1 | Y52: Private Means | AD52: 1 | AF52: Nottinghamshire | AG52: Nottingham
A53: LA10 | C53: 23 | D53: Lenton Avenue | F53: 416 | G53: Leaver-Guilford | H53: Everard | J53: 1 | Q53: 1 | S53: 28 | T53: 1883 | V53: 1 | Y53: Antiquary | Z53: ? | AA53: 1 | AC53: 1 | AD53: 1 | AF53: Nottinghamshire | AG53: Nottingham
A54: LA10 | C54: 23 | D54: Lenton Avenue | F54: 416 | G54: Baker | H54: Julia | I54: 1 | R54: 1 | S54: 24 | T54: 1887 | V54: 1 | Y54: Housemaid | Z54: Domestic | AA54: 1 | AC54: 1 | AE54: 1 | AF54: Lincolnshire | AG54: Morton
A55: LA10 | C55: 23 | D55: Lenton Avenue | F55: 416 | G55: Maxim | H55: Alice | I55: 1 | R55: 1 | S55: 23 | T55: 1888 | V55: 1 | Y55: Cook | Z55: Domestic | AA55: 1 | AC55: 1 | AE55: 1 | AF55: Staffordhsire | AG55: Burton upon Trent
A56: LA11 | B56: Hollybank | C56: 21 | D56: Lenton Avenue | F56: 414 | G56: Crawford | H56: Hugh | J56: 1 | M56: 1 | S56: 38 | T56: 1873 | U56: 1 | Y56: Civil Engineer | Z56: Engineering | AA56: 1 | AB56: 1 | AE56: 1 | AF56: Renfrewshire | AG56: Lochwinnoch
A57: LA11 | B57: Hollybank | C57: 21 | D57: Lenton Avenue | F57: 414 | G57: Crawford | H57: Alice | I57: 1 | N57: 1 | S57: 33 | T57: 1878 | U57: 1 | X57: 1 | AE57: 1 | AF57: Lincolnshire | AG57: Lincoln
A58: LA11 | B58: Hollybank | C58: 21 | D58: Lenton Avenue | F58: 414 | G58: Robinson | H58: Sarah L | I58: 1 | R58: 1 | S58: 18 | T58: 1893 | V58: 1 | Y58: Housemaid | Z58: Domestic | AA58: 1 | AC58: 1 | AD58: 1 | AF58: Nottinghamshire | AG58: Mansfield
A59: LA11 | B59: Hollybank | C59: 21 | D59: Lenton Avenue | F59: 414 | G59: Thomson | H59: Bertha | I59: 1 | R59: 1 | S59: 25 | T59: 1886 | V59: 1 | Y59: Cook | Z59: Domestic | AA59: 1 | AC59: 1 | AE59: 1 | AF59: Derbyshire | AG59: Derby
A60: LA12 | C60: 19 | D60: Lenton Avenue | F60: 413 | G60: Mall | H60: Lois | I60: 1 | M60: 1 | S60: 84 | T60: 1827 | W60: 1 | AD60: 1 | AF60: Nottinghamshire | AG60: Nottingham
A61: LA12 | C61: 19 | D61: Lenton Avenue | F61: 413 | G61: Barnes | H61: Edith | I61: 1 | R61: 1 | S61: 38 | T61: 1873 | V61: 1 | Y61: Companion | Z61: Domestic | AA61: 1 | AC61: 1 | AD61: 1 | AF61: Nottinghamshire | AG61: Nottingham
A62: LA12 | C62: 19 | D62: Lenton Avenue | F62: 413 | G62: Wacher | H62: Luie | I62: 1 | R62: 1 | S62: 23 | T62: 1888 | V62: 1 | Y62: Housemaid | Z62: Domestic | AA62: 1 | AC62: 1 | AE62: 1 | AF62: Derbyshire | AG62: Pinxton
A63: LA13 | C63: 6 | D63: Lenton Avenue | E63: 21 | F63: 415 | G63: Trigg | H63: William | J63: 1 | M63: 1 | S63: 50 | T63: 1861 | U63: 1 | Y63: Groom | AA63: 1 | AC63: 1 | AE63: 1 | AF63: Lincolnshire | AG63: Dunston
A64: LA13 | C64: 6 | D64: Lenton Avenue | E64: 21 | F64: 415 | G64: Trigg | H64: Bertha | I64: 1 | N64: 1 | S64: 51 | T64: 1860 | U64: 1 | X64: 25 | AE64: 1 | AF64: Northamptonshire | AG64: Woodnewton
A65: LA13 | C65: 6 | D65: Lenton Avenue | E65: 21 | F65: 415 | G65: Trigg | H65: Millicent | I65: 1 | O65: 1 | S65: 24 | T65: 1887 | V65: 1 | Y65: Lace Finisher | Z65: Lace | AA65: 1 | AC65: 1 | AD65: 1 | AF65: Nottinghamshire | AG65: Wilford
A66: LA13 | C66: 6 | D66: Lenton Avenue | E66: 21 | F66: 415 | G66: Trigg | H66: Mary Elizabeth | I66: 1 | O66: 1 | S66: 22 | T66: 1889 | V66: 1 | Y66: Blouse Machinist | Z66: Lace | AA66: 1 | AC66: 1 | AD66: 1 | AF66: Nottinghamshire | AG66: Wilford
A67: LA13 | C67: 6 | D67: Lenton Avenue | E67: 21 | F67: 415 | G67: Trigg | H67: Julia | I67: 1 | O67: 1 | S67: 18 | T67: 1893 | V67: 1 | Y67: Stock Assistant | Z67: Lace | AA67: 1 | AC67: 1 | AD67: 1 | AF67: Nottinghamshire | AG67: Wilford
A68: LA13 | C68: 6 | D68: Lenton Avenue | E68: 21 | F68: 415 | G68: Trigg | H68: Dorothy | K68: 1 | O68: 1 | S68: 9 | T68: 1902 | V68: 1 | Y68: Attends School | AD68: 1 | AF68: Nottinghamshire | AG68: Wilford
A69: LA14 | C69: 4 | D69: Lenton Avenue | E69: 19 | F69: 415 | G69: Sims | H69: Arthur | J69: 1 | M69: 1 | S69: 61 | T69: 1850 | U69: 1 | Y69: Coachman | Z69: Domestic | AA69: 1 | AC69: 1 | AE69: 1 | AF69: Derbyshire | AG69: Duffield
A70: LA14 | C70: 4 | D70: Lenton Avenue | E70: 19 | F70: 415 | G70: Sims | H70: Sarah | I70: 1 | N70: 1 | S70: 63 | T70: 1848 | U70: 1 | X70: 38 | AE70: 1 | AF70: Lincolnshire | AG70: Wellingore
A71: LA14 | C71: 4 | D71: Lenton Avenue | E71: 19 | F71: 415 | G71: Sims | H71: Gertie | I71: 1 | O71: 1 | S71: 21 | T71: 1890 | V71: 1 | Y71: Dressmaker | Z71: Dressmaker | AA71: 1 | AC71: 1 | AD71: 1 | AF71: Nottinghamshire | AG71: Nottingham
A72: LA14 | C72: 4 | D72: Lenton Avenue | E72: 19 | F72: 415 | G72: Sims | H72: Arthur | J72: 1 | P72: 1 | S72: 19 | T72: 1892 | V72: 1 | Y72: Clerk | Z72: Clerk | AA72: 1 | AC72: 1 | AD72: 1 | AF72: Nottinghamshire | AG72: Nottingham
A73: LA15 | C73: 2 | D73: Lenton Avenue | E73: 17 | F73: 411 | G73: Langsdale | H73: John | J73: 1 | M73: 1 | S73: 57 | T73: 1854 | W73: 1 | Y73: Coachman | Z73: Domestic | AA73: 1 | AC73: 1 | AD73: 1 | AF73: Nottinghamshire | AG73: Nottingham
A74: LA15 | C74: 2 | D74: Lenton Avenue | E74: 17 | F74: 411 | G74: Langsdale | H74: Annie | J74: 1 | O74: 1 | S74: 20 | T74: 1891 | V74: 1 | Y74: Sewing Machinist | Z74: Lace | AA74: 1 | AC74: 1 | AD74: 1 | AF74: Nottinghamshire | AG74: Nottingham
A75: LA15 | C75: 2 | D75: Lenton Avenue | E75: 17 | F75: 411 | G75: Langsdale | H75: Nellie | J75: 1 | O75: 1 | S75: 19 | T75: 1892 | V75: 1 | Y75: Housekeeper | Z75: Domestic | AA75: 1 | AC75: 1 | AD75: 1 | AF75: Nottinghamshire | AG75: Nottingham
A76: LA16 | B76: Dundee House | C76: 17 | D76: Lenton Avenue | G76: *MISSING*
A77: LA17 | C77: 15 | D77: Lenton Avenue | F77: 408 | G77: Andrews | H77: Henry Godfrey | J77: 1 | M77: 1 | S77: 27 | T77: 1884 | U77: 1 | Y77: Mechanical Director | Z77: Engineering | AA77: 1 | AB77: 1 | AE77: 1 | AF77: South Africa | AG77: London
A78: LA17 | C78: 15 | D78: Lenton Avenue | F78: 408 | G78: Andrews | H78: Dorothy Agnes | I78: 1 | N78: 1 | S78: 26 | T78: 1885 | U78: 1 | X78: 4 | Y78: Artist | Z78: Arts | AA78: 1 | AE78: 1 | AF78: Middlesex | AG78: London
A79: LA17 | C79: 15 | D79: Lenton Avenue | F79: 408 | G79: Andrews | H79: Joan Godfrey | K79: 1 | O79: 1 | S79: 3 | T79: 1908 | V79: 1 | AE79: 1 | AF79: Dorset | AG79: Upper Parkstone
A80: LA17 | C80: 15 | D80: Lenton Avenue | F80: 408 | G80: Southers | H80: Sarah Ann Florence | I80: 1 | R80: 1 | S80: 22 | T80: 1889 | V80: 1 | Y80: Cook | Z80: Domestic | AA80: 1 | AC80: 1 | AE80: 1 | AF80: Staffordhsire | AG80: Burton upon Trent
A81: LA17 | C81: 15 | D81: Lenton Avenue | F81: 408 | G81: Dorsington | H81: Alice Jennie | I81: 1 | R81: 1 | S81: 17 | T81: 1894 | V81: 1 | Y81: Nurse | Z81: Medical/Domestic | AA81: 1 | AC81: 1 | AE81: 1 | AF81: Lincolnshire | AG81: Gainsborough
A82: LA18 | C82: 13 | D82: Lenton Avenue | F82: 406 | G82: Bradley | H82: Earnest Frederick | J82: 1 | M82: 1 | S82: 39 | T82: 1872 | U82: 1 | Y82: Leather Dresser/Director | Z82: Leather | AA82: 1 | AB82: 1 | AD82: 1 | AF82: Nottinghamshire | AG82: Beeston
A83: LA18 | C83: 13 | D83: Lenton Avenue | F83: 406 | G83: Bradley | H83: Kate | I83: 1 | N83: 1 | S83: 35 | T83: 1876 | U83: 1 | X83: 8 | AD83: 1 | AF83: Nottinghamshire | AG83: Nottingham
A84: LA18 | C84: 13 | D84: Lenton Avenue | F84: 406 | G84: Bradley | H84: Philip | L84: 1 | P84: 1 | S84: 5 | T84: 1906 | V84: 1 | AD84: 1 | AF84: Nottinghamshire | AG84: Nottingham
A85: LA18 | C85: 13 | D85: Lenton Avenue | F85: 406 | G85: Bradley | H85: Cicely | K85: 1 | O85: 1 | S85: 4 | T85: 1907 | V85: 1 | AD85: 1 | AF85: Nottinghamshire | AG85: Nottingham
A86: LA18 | C86: 13 | D86: Lenton Avenue | F86: 406 | G86: Bradley | H86: Brian | L86: 1 | P86: 1 | S86: 2 | T86: 1909 | V86: 1 | AD86: 1 | AF86: Nottinghamshire | AG86: Nottingham
A87: LA18 | C87: 13 | D87: Lenton Avenue | F87: 406 | G87: Snodin | H87: Ester | I87: 1 | R87: 1 | S87: 22 | T87: 1889 | V87: 1 | Y87: Nurse | Z87: Domestic | AA87: 1 | AC87: 1 | AD87: 1 | AF87: Nottinghamshire | AG87: Woodborough
A88: LA18 | C88: 13 | D88: Lenton Avenue | F88: 406 | G88: Wilson | H88: Ada | I88: 1 | R88: 1 | S88: 23 | T88: 1888 | V88: 1 | Y88: Housemaid | Z88: Domestic | AA88: 1 | AC88: 1 | AD88: 1 | AF88: Nottinghamshire | AG88: Girton
A89: LA18 | C89: 13 | D89: Lenton Avenue | F89: 406 | G89: Muffitt | H89: Mabel | I89: 1 | R89: 1 | S89: 22 | T89: 1889 | V89: 1 | Y89: Cook | Z89: Domestic | AA89: 1 | AC89: 1 | AE89: 1 | AF89: Cambridgeshire | AG89: Manea
A90: LA19 | C90: 11 | D90: Lenton Avenue | F90: 403 | G90: Henry | H90: Sanil | J90: 1 | M90: 1 | S90: 44 | T90: 1867 | U90: 1 | Y90: Merchant | Z90: Illegible | AA90: 1 | AB90: 1 | AD90: 1 | AF90: Nottinghamshire | AG90: Nottingham
A91: LA19 | C91: 11 | D91: Lenton Avenue | F91: 403 | G91: Henry | H91: Ida Rose | I91: 1 | N91: 1 | S91: 42 | T91: 1869 | U91: 1 | X91: 16 | AD91: 1 | AF91: Nottinghamshire | AG91: Nottingham
A92: LA19 | C92: 11 | D92: Lenton Avenue | F92: 403 | G92: Henry | H92: Margaret Ida | K92: 1 | O92: 1 | S92: 13 | T92: 1898 | V92: 1 | Y92: Attends School | AD92: 1 | AF92: Nottinghamshire | AG92: Nottingham
A93: LA19 | C93: 11 | D93: Lenton Avenue | F93: 403 | G93: Henry | H93: Frank Vose | L93: 1 | P93: 1 | S93: 8 | T93: 1903 | V93: 1 | Y93: Attends School | AD93: 1 | AF93: Nottinghamshire | AG93: Nottingham
A94: LA19 | C94: 11 | D94: Lenton Avenue | F94: 403 | G94: Drewry | H94: Doris Marie | K94: 1 | Q94: 1 | S94: 13 | T94: 1898 | V94: 1 | Y94: Attends School | AD94: 1 | AF94: Nottinghamshire | AG94: Nottingham
A95: LA19 | C95: 11 | D95: Lenton Avenue | F95: 403 | G95: Fortes | H95: Francis | I95: 1 | R95: 1 | S95: 22 | T95: 1889 | V95: 1 | Y95: Servant | Z95: Domestic | AA95: 1 | AC95: 1 | AE95: 1 | AF95: Yorkshire | AG95: York
A96: LA19 | C96: 11 | D96: Lenton Avenue | F96: 403 | G96: Hotchin | H96: Annie | I96: 1 | R96: 1 | S96: 27 | T96: 1884 | V96: 1 | Y96: Servant | Z96: Domestic | AA96: 1 | AC96: 1 | AE96: 1 | AF96: Lincolnshire | AG96: Bardney
A97: LA20 | C97: 9 | D97: Lenton Avenue | F97: 401 | G97: Wood | H97: Herbert | J97: 1 | M97: 1 | S97: 37 | T97: 1874 | V97: 1 | Y97: Colliery Agent | Z97: Mining | AA97: 1 | AB97: 1 | AD97: 1 | AF97: Nottinghamshire | AG97: Beeston
A98: LA20 | C98: 9 | D98: Lenton Avenue | F98: 401 | G98: Wood | H98: Elsie | I98: 1 | Q98: 1 | S98: 31 | T98: 1880 | V98: 1 | Y98: Housekeeper | AA98: 1 | AC98: 1 | AD98: 1 | AF98: Nottinghamshire | AG98: Beeston
A99: LA20 | C99: 9 | D99: Lenton Avenue | F99: 401 | G99: Hayes | H99: Mary | I99: 1 | R99: 1 | S99: 42 | T99: 1869 | V99: 1 | Y99: Cook | Z99: Domestic | AA99: 1 | AC99: 1 | AD99: 1 | AF99: Nottinghamshire | AG99: Sutton-on-Trent
A100: LA20 | C100: 9 | D100: Lenton Avenue | F100: 401 | G100: Mass | H100: Mainnie | I100: 1 | R100: 1 | S100: 28 | T100: 1883 | V100: 1 | Y100: Housemaid | Z100: Domestic | AA100: 1 | AC100: 1 | AE100: 1 | AF100: Derbyshire | AG100: Alfreton
...

Sheet Clumber rd W dan
A1: House ID | B1: House Name | C1: NO. | D1: Address | E1: Belongs to House | F1: Plot No | G1: Family | H1: Name | I1: Woman | J1: Man | K1: Girl | L1: Boy | M1: Head of family | N1: Wife | O1: Daughter | P1: Son | Q1: Other | R1: Servant | S1: Age | T1: Year of Birth | U1: Married | V1: SINGLE | W1: Widow/er | X1: Years Married | Y1: Personal Occupation | Z1: Industry | AA1: Economic participants | AB1: Employer | AC1: Worker | AD1: Born Nottinghamshire | AE1: Born Other | AF1: Birth County | AG1: Place Town | AH1: Note | AI1: Households | AJ1: Population | AK1: Family | AL1: Servants | AM1: Marital status - Married | AN1: Marital status - Single | AO1: Marital Status - Widow/er | AP1: Employer | AQ1: Worker | AR1: Place of birth - Nottingham | AS1: Place of birth - Oher
A2: largest household | B2: smallest household | E2: Coach House | M2: FEMALE HEAD | S2: If <15=child | U2: Married woman | V2: SINGLE woman | W2: Widow
A3: CRW1 | B3: Felixstowe | D3: Clumber Road West | F3: 570 | G3: Dowson | H3: William Enfield | J3: 1 | M3: 1 | S3: 46 | T3: 1865 | U3: 1 | Y3: Lace Manufacturer | Z3: Lace | AA3: 1 | AB3: 1 | AD3: 1 | AF3: Nottinghamshire | AG3: Nottingham
A4: CRW1 | B4: Felixstowe | D4: Clumber Road West | F4: 570 | G4: Dowson | H4: Helena Brownsword | I4: 1 | N4: 1 | S4: 44 | T4: 1867 | U4: 1 | X4: 16 | Y4: Secretary | Z4: Sufferage Soc | AA4: 1 | AC4: 1 | AD4: 1 | AF4: Nottinghamshire | AG4: Nottingham
A5: CRW1 | B5: Felixstowe | D5: Clumber Road West | F5: 570 | G5: Jackson | H5: Alice Maud | I5: 1 | R5: 1 | S5: 37 | T5: 1874 | V5: 1 | Y5: Cook | Z5: Domestic | AA5: 1 | AC5: 1 | AE5: 1 | AF5: Hampshire | AG5: Portsmouth
A6: CRW1 | B6: Felixstowe | D6: Clumber Road West | F6: 570 | G6: Underwood | H6: Caroline | I6: 1 | R6: 1 | S6: 30 | T6: 1881 | V6: 1 | Y6: Parlour Maid | Z6: Domestic | AA6: 1 | AC6: 1 | AE6: 1 | AF6: Warwickshire | AG6: Leamington Spa
A7: CRW1 | B7: Felixstowe | D7: Clumber Road West | F7: 570 | G7: Greenway | H7: Elsie | I7: 1 | R7: 1 | S7: 18 | T7: 1893 | V7: 1 | Y7: House Maid | Z7: Domestic | AA7: 1 | AC7: 1 | AE7: 1 | AF7: Warwickshire | AG7: Birmingham
A8: CRW2 | B8: Linden House | D8: Clumber Road West | F8: 609 | G8: Lamb | H8: John William | J8: 1 | M8: 1 | S8: 74 | T8: 1837 | V8: 1 | Y8: Hosiery Manufacturer | Z8: Hosiery | AA8: 1 | AB8: 1 | AD8: 1 | AF8: Nottinghamshire | AG8: Nottingham
A9: CRW2 | B9: Linden House | D9: Clumber Road West | F9: 609 | G9: Lamb | H9: Charles Thomas | J9: 1 | Q9: 1 | S9: 67 | T9: 1844 | V9: 1 | Y9: Suit Fitter | Z9: Tailoring | AA9: 1 | AB9: 1 | AD9: 1 | AF9: Nottinghamshire | AG9: Nottingham | AH9: Brother
A10: CRW2 | B10: Linden House | D10: Clumber Road West | F10: 609 | G10: Lamb | H10: Caroline Sarah | I10: 1 | Q10: 1 | S10: 69 | T10: 1842 | V10: 1 | AD10: 1 | AF10: Nottinghamshire | AG10: Nottingham | AH10: Sister
A11: CRW2 | B11: Linden House | D11: Clumber Road West | F11: 609 | G11: Hill | H11: Mary Elizabeth | I11: 1 | R11: 1 | S11: 36 | T11: 1875 | V11: 1 | Y11: Servant | Z11: Domestic | AA11: 1 | AC11: 1 | AE11: 1 | AF11: Derbyshire | AG11: Ticknall
A12: CRW2 | B12: Linden House | D12: Clumber Road West | F12: 609 | G12: Hill | H12: Gertrude | I12: 1 | R12: 1 | S12: 30 | T12: 1881 | V12: 1 | Y12: Servant | Z12: Domestic | AA12: 1 | AC12: 1 | AE12: 1 | AF12: Derbyshire | AG12: Ticknall
A13: CRW3 | B13: Holly Lodge | D13: Clumber Road West | F13: 572 | G13: Berrey | H13: J Edmund | J13: 1 | M13: 1 | S13: 67 | T13: 1884 | W13: 1 | Y13: Lace Manufacturer | Z13: Lace | AA13: 1 | AB13: 1 | AD13: 1 | AF13: Nottinghamshire | AG13: Nottingham
A14: CRW3 | B14: Holly Lodge | D14: Clumber Road West | F14: 572 | G14: Berrey | H14: Mabel | I14: 1 | O14: 1 | S14: 25 | T14: 1886 | V14: 1 | AD14: 1 | AF14: Nottinghamshire | AG14: Nottingham
A15: CRW3 | B15: Holly Lodge | D15: Clumber Road West | F15: 572 | G15: Dexter | H15: Letitia | I15: 1 | R15: 1 | S15: 60 | T15: 1851 | V15: 1 | Y15: Housekeeper | Z15: Domestic | AA15: 1 | AC15: 1 | AD15: 1 | AF15: Nottinghamshire | AG15: Nottingham
A16: CRW3 | B16: Holly Lodge | D16: Clumber Road West | F16: 572 | G16: Dexter | H16: Alice | I16: 1 | R16: 1 | S16: 43 | T16: 1868 | V16: 1 | Y16: Cook | Z16: Domestic | AA16: 1 | AC16: 1 | AE16: 1 | AF16: Derbyshire | AG16: Kilburn
A17: CRW3 | B17: Holly Lodge | D17: Clumber Road West | F17: 572 | G17: Hicks | H17: Edith | I17: 1 | R17: 1 | S17: 36 | T17: 1875 | V17: 1 | Y17: Housemaid | Z17: Domestic | AA17: 1 | AC17: 1 | AE17: 1 | AF17: Lincolnshire | AG17: Lincoln
A18: TOTAL | D18: 17 | G18: 9 | H18: 15 | I18: =SUM(I3:I17) -> 11 | J18: =SUM(J3:J17) -> 4 | K18: =SUM(K3:K17) -> 0 | L18: =SUM(L3:L17) -> 0 | M18: =SUM(M3:M17) -> 3 | N18: =SUM(N3:N17) -> 1 | O18: =SUM(O3:O17) -> 1 | P18: =SUM(P3:P17) -> 0 | ... S18: =SUM(S3:S17) -> 682 | U18: =SUM(U3:U17) -> 2 | V18: =SUM(V3:V17) -> 12 | W18: =SUM(W3:W17) -> 1 | X18: =SUM(X3:X17) -> 16 | AA18: =SUM(AA3:AA17) -> 13 | AB18: =SUM(AB3:AB17) -> 4 | AC18: =SUM(AC3:AC17) -> 9 | AD18: =SUM(AD3:AD17) -> 8 | AE18: =SUM(AE3:AE17) -> 7

Sheet maxtoke rd dan
A1: House ID | B1: House Name | C1: NO. | D1: Address | E1: Belongs to House | F1: Plot No | G1: Family | H1: Name | I1: Woman | J1: Man | K1: Girl | L1: Boy | M1: Head of family | N1: Wife | O1: Daughter | P1: Son | Q1: Other | R1: Servant | S1: Age | T1: Year of Birth | U1: Married | V1: SINGLE | W1: Widow/er | X1: Years Married | Y1: Personal Occupation | Z1: Industry | AA1: Economic participants | AB1: Employer | AC1: Worker | AD1: Born Nottinghamshire | AE1: Born Other | AF1: Birth County | AG1: Place Town | AH1: Note | AI1: Households | AJ1: Population | AK1: Family | AL1: Servants | AM1: Marital status - Married | AN1: Marital status - Single | AO1: Marital Status - Widow/er | AP1: Employer | AQ1: Worker | AR1: Place of birth - Nottingham | AS1: Place of birth - Oher
A2: largest household | B2: smallest household | E2: Coach House | M2: FEMALE HEAD | S2: If <15=child | U2: Married woman | V2: SINGLE woman | W2: Widow
A3: MR1 | B3: Stowe House | C3: 6 | D3: Maxtoke Road | F3: 568 | G3: Hesse | H3: Marie Augustine | I3: 1 | M3: 1 | S3: 60 | T3: 1851 | W3: 1 | AE3: 1 | AF3: Belgium | AG3: Brussells
A4: MR1 | B4: Stowe House | C4: 6 | D4: Maxtoke Road | F4: 568 | G4: Reid | H4: May Catherine | I4: 1 | Q4: 1 | S4: 28 | T4: 1883 | V4: 1 | Y4: Ladies Companion | Z4: Domestic | AA4: 1 | AC4: 1 | AE4: 1 | AF4: Surrey | AG4: Croydon
A5: MR1 | B5: Stowe House | C5: 6 | D5: Maxtoke Road | F5: 568 | G5: Whittaker | H5: Gertrude | I5: 1 | R5: 1 | S5: 29 | T5: 1882 | V5: 1 | Y5: Servant | Z5: Domestic | AA5: 1 | AC5: 1 | AD5: 1 | AF5: Nottinghamshire | AG5: Gamston
A6: MR1 | B6: Stowe House | C6: 6 | D6: Maxtoke Road | F6: 568 | G6: Whitehead | H6: Emily Julia | I6: 1 | R6: 1 | S6: 17 | T6: 1894 | V6: 1 | Y6: Servant | Z6: Domestic | AA6: 1 | AC6: 1 | AD6: 1 | AF6: Nottinghamshire | AG6: Nottingham
A7: MR2 | B7: Burton House | C7: 1 | D7: Maxtoke Road | F7: 608 | G7: Ransom | H7: Doley Scott | J7: 1 | M7: 1 | S7: 48 | T7: 1863 | U7: 1 | Y7: Solicitor | Z7: Legal | AA7: 1 | AB7: 1 | AD7: 1 | AF7: Nottinghamshire | AG7: Nottingham
A8: MR2 | B8: Burton House | C8: 1 | D8: Maxtoke Road | F8: 608 | G8: Ransom | H8: Helen Winifred | I8: 1 | N8: 1 | S8: 37 | T8: 1874 | U8: 1 | AD8: 1 | AF8: Nottinghamshire | AG8: Nottingham
A9: MR2 | B9: Burton House | C9: 1 | D9: Maxtoke Road | F9: 608 | G9: Ransom | H9: Helen Judith | K9: 1 | O9: 1 | S9: 13 | T9: 1898 | V9: 1 | Y9: Attends School | AD9: 1 | AF9: Nottinghamshire | AG9: Nottingham
A10: MR2 | B10: Burton House | C10: 1 | D10: Maxtoke Road | F10: 608 | G10: Ransom | H10: Elizabeth | K10: 1 | O10: 1 | S10: 11 | T10: 1900 | V10: 1 | Y10: Attends School | AD10: 1 | AF10: Nottinghamshire | AG10: Nottingham
A11: MR2 | B11: Burton House | C11: 1 | D11: Maxtoke Road | F11: 608 | G11: Ransom | H11: Winifred Mary | K11: 1 | O11: 1 | S11: 9 | T11: 1902 | V11: 1 | AD11: 1 | AF11: Nottinghamshire | AG11: Nottingham
A12: MR2 | B12: Burton House | C12: 1 | D12: Maxtoke Road | F12: 608 | G12: Ransom | H12: Dorothy Byrom | K12: 1 | O12: 1 | S12: 2 | T12: 1909 | V12: 1 | AD12: 1 | AF12: Nottinghamshire | AG12: Nottingham
A13: MR2 | B13: Burton House | C13: 1 | D13: Maxtoke Road | F13: 608 | G13: Ransom | H13: Charles Herbert Flower | L13: 1 | P13: 1 | S13: 0.4 | T13: 1911 | V13: 1 | AD13: 1 | AF13: Nottinghamshire | AG13: Nottingham
A14: MR2 | B14: Burton House | C14: 1 | D14: Maxtoke Road | F14: 608 | G14: Hibbert | H14: Fanny | I14: 1 | R14: 1 | S14: 23 | T14: 1888 | V14: 1 | Y14: Housemaid | Z14: Domestic | AA14: 1 | AC14: 1 | AE14: 1 | AF14: Derbyshire | AG14: Burton on Trent
A15: MR2 | B15: Burton House | C15: 1 | D15: Maxtoke Road | F15: 608 | G15: Harper | H15: Annie Mabel | I15: 1 | R15: 1 | S15: 19 | T15: 1892 | V15: 1 | Y15: Lender Nurse | Z15: Domestic | AA15: 1 | AC15: 1 | AE15: 1 | AF15: Warwickshire | AG15: Rugby St Johns
A16: MR2 | B16: Burton House | C16: 1 | D16: Maxtoke Road | F16: 608 | G16: Wiles | H16: Alice | I16: 1 | R16: 1 | S16: 30 | T16: 1881 | V16: 1 | Y16: Cook | Z16: Domestic | AA16: 1 | AC16: 1 | AD16: 1 | AF16: Nottinghamshire | AG16: Newark
A17: MR2 | B17: Burton House | C17: 1 | D17: Maxtoke Road | F17: 608 | G17: Parkham | H17: Margaret Alice | I17: 1 | R17: 1 | S17: 32 | T17: 1879 | V17: 1 | Y17: Nurse | Z17: Domestic | AA17: 1 | AC17: 1 | AE17: 1 | AF17: Surrey | AG17: Thames Ditton
A18: TOTAL | B18: 2 | G18: 9 | H18: 15 | I18: =SUM(I3:I17) -> 9 | J18: =SUM(J3:J17) -> 1 | K18: =SUM(K3:K17) -> 4 | L18: =SUM(L3:L17) -> 1 | M18: =SUM(M3:M17) -> 2 | N18: =SUM(N3:N17) -> 1 | O18: =SUM(O3:O17) -> 4 | P18: =SUM(P3:P17) -> 1 | ... S18: =SUM(S3:S17) -> 358.4 | U18: =SUM(U3:U17) -> 2 | V18: =SUM(V3:V17) -> 12 | W18: =SUM(W3:W17) -> 1 | X18: =SUM(X3:X17) -> 0 | AA18: =SUM(AA3:AA17) -> 8 | AB18: =SUM(AB3:AB17) -> 1 | AC18: =SUM(AC3:AC17) -> 7 | AD18: =SUM(AD3:AD17) -> 10 | AE18: =SUM(AE3:AE17) -> 5

Sheet clumbercress dan
A1: House ID | B1: House Name | C1: NO. | D1: Address | E1: Belongs to House | F1: Plot No | G1: Family | H1: Name | I1: Woman | J1: Man | K1: Girl | L1: Boy | M1: Head of family | N1: Wife | O1: Daughter | P1: Son | Q1: Other | R1: Servant | S1: Age | T1: Year of Birth | U1: Married | V1: SINGLE | W1: Widow/er | X1: Years Married | Y1: Personal Occupation | Z1: Industry | AA1: Economic participants | AB1: Employer | AC1: Worker | AD1: Born Nottinghamshire | AE1: Born Other | AF1: Birth County | AG1: Place Town | AH1: Note | AI1: Households | AJ1: Population | AK1: Family | AL1: Servants | AM1: Marital status - Married | AN1: Marital status - Single | AO1: Marital Status - Widow/er | AP1: Employer | AQ1: Worker | AR1: Place of birth - Nottingham | AS1: Place of birth - Oher
A2: largest household | B2: smallest household | E2: Coach House | M2: FEMALE HEAD | S2: If <15=child | U2: Married woman | V2: SINGLE woman | W2: Widow
A3: CCS1 | B3: Gwedon | C3: 9 | D3: Clumber Crescent South | F3: 654+566 | G3: Jardine | H3: Earnest | J3: 1 | M3: 1 | S3: 51 | T3: 1860 | U3: 1 | Y3: Engineer | Z3: Lace | AA3: 1 | AB3: 1 | AD3: 1 | AF3: Nottinghamshie | AG3: Nottingham | AH3: 23 room house
A4: CCS1 | B4: Gwedon | C4: 9 | D4: Clumber Crescent South | F4: 654+566 | G4: Jardine | H4: Ada Jane | I4: 1 | N4: 1 | S4: 49 | T4: 1862 | U4: 1 | X4: 27 | AD4: 1 | AF4: Nottinghamshie | AG4: Nottingham
A5: CCS1 | B5: Gwedon | C5: 9 | D5: Clumber Crescent South | F5: 654+566 | G5: Jardine | H5: John | J5: 1 | P5: 1 | S5: 26 | T5: 1885 | V5: 1 | Y5: Engineer | Z5: Lace | AA5: 1 | AB5: 1 | AD5: 1 | AF5: Nottinghamshie | AG5: Nottingham
A6: CCS1 | B6: Gwedon | C6: 9 | D6: Clumber Crescent South | F6: 654+566 | G6: Jardine | H6: Edna | I6: 1 | O6: 1 | S6: 20 | T6: 1891 | V6: 1 | AD6: 1 | AF6: Nottinghamshie | AG6: Nottingham
A7: CCS1 | B7: Gwedon | C7: 9 | D7: Clumber Crescent South | F7: 654+566 | G7: Jardine | H7: Iris | I7: 1 | O7: 1 | S7: 19 | T7: 1892 | V7: 1 | AD7: 1 | AF7: Nottinghamshie | AG7: Nottingham | AH7: Visitor
A8: CCS1 | B8: Gwedon | C8: 9 | D8: Clumber Crescent South | F8: 654+566 | G8: Bouring | H8: Robert | J8: 1 | Q8: 1 | S8: 48 | T8: 1863 | U8: 1 | Y8: Estate Agent & Surveyor | Z8: Property | AA8: 1 | AB8: 1 | AE8: 1 | AF8: Somerset | AG8: Polsham nr Wells | AH8: Visitors Wife
A9: CCS1 | B9: Gwedon | C9: 9 | D9: Clumber Crescent South | F9: 654+566 | G9: Bouring | H9: Mary | I9: 1 | Q9: 1 | S9: 48 | T9: 1863 | U9: 1 | X9: 19 | AE9: 1 | AF9: Somerset | AG9: Hanton, Wookey, Wells | AH9: Visitor
A10: CCS1 | B10: Gwedon | C10: 9 | D10: Clumber Crescent South | F10: 654+566 | G10: Porch | H10: Dorothy Margaret | I10: 1 | Q10: 1 | S10: 29 | T10: 1822 | V10: 1 | AE10: 1 | AF10: Somerset | AG10: Galstonbury
A11: CCS1 | B11: Gwedon | C11: 9 | D11: Clumber Crescent South | F11: 654+566 | G11: Davis | H11: May | I11: 1 | R11: 1 | S11: 19 | T11: 1892 | V11: 1 | Y11: Servant | Z11: Domestic | AA11: 1 | AC11: 1 | AD11: 1 | AF11: Nottinghamshie | AG11: Bunny
A12: CCS1 | B12: Gwedon | C12: 9 | D12: Clumber Crescent South | F12: 654+566 | G12: Evanson | H12: Mary | I12: 1 | R12: 1 | S12: 52 | T12: 1859 | W12: 1 | Y12: Cook | Z12: Domestic | AA12: 1 | AC12: 1 | AE12: 1 | AF12: Derbyshire | AG12: Burton on Trent
A13: CCS1 | B13: Gwedon | C13: 9 | D13: Clumber Crescent South | F13: 654+566 | G13: Beatrice | H13: Beatrice Fanny | I13: 1 | R13: 1 | S13: 27 | T13: 1884 | V13: 1 | Y13: Servant | Z13: Domestic | AA13: 1 | AC13: 1 | AE13: 1 | AF13: Huntingdonshire | AG13: Elton
A14: CCS1 | B14: Gwedon | C14: 9 | D14: Clumber Crescent South | F14: 654+566 | G14: Hill | H14: Harriett | I14: 1 | R14: 1 | S14: 22 | T14: 1889 | V14: 1 | Y14: Servant | Z14: Domestic | AA14: 1 | AC14: 1 | AE14: 1 | AF14: Lincolnshire | AG14: Sleafrod
A15: CCS2 | C15: 7 | D15: Clumber Crescent South | F15: 563 | G15: Challands | H15: Richard | J15: 1 | M15: 1 | S15: 69 | T15: 1842 | U15: 1 | Y15: Retired Lace Manufacturer | Z15: Lace | AE15: 1 | AF15: Leicestershire | AG15: Bottesford | AH15: 17 room house
A16: CCS2 | C16: 7 | D16: Clumber Crescent South | F16: 563 | G16: Challands | H16: Sarah Elizabeth | I16: 1 | N16: 1 | S16: 65 | T16: 1846 | U16: 1 | X16: 46 | AD16: 1 | AF16: Nottinghamshie | AG16: Gamston
A17: CCS2 | C17: 7 | D17: Clumber Crescent South | F17: 563 | G17: Challands | H17: Emma | I17: 1 | O17: 1 | S17: 43 | T17: 1868 | V17: 1 | AD17: 1 | AF17: Nottinghamshie | AG17: Nottingham
A18: CCS2 | C18: 7 | D18: Clumber Crescent South | F18: 563 | G18: Challands | H18: Beatrice mary | I18: 1 | O18: 1 | S18: 41 | T18: 1870 | V18: 1 | AD18: 1 | AF18: Nottinghamshie | AG18: Nottingham
A19: CCS2 | C19: 7 | D19: Clumber Crescent South | F19: 563 | G19: Challands | H19: Nora | I19: 1 | O19: 1 | S19: 33 | T19: 1878 | V19: 1 | AD19: 1 | AF19: Nottinghamshie | AG19: Nottingham
A20: CCS2 | C20: 7 | D20: Clumber Crescent South | F20: 563 | G20: Barnes | H20: John | J20: 1 | R20: 1 | S20: 32 | T20: 1879 | U20: 1 | X20: 2 | Y20: Butler | Z20: Domestic | AA20: 1 | AC20: 1 | AE20: 1 | AF20: Cambridgeshire | AG20: Wisbeach
A21: CCS2 | C21: 7 | D21: Clumber Crescent South | F21: 563 | G21: Knapp | H21: Eliza | I21: 1 | R21: 1 | S21: 30 | T21: 1881 | V21: 1 | Y21: Cook | Z21: Domestic | AA21: 1 | AC21: 1 | AE21: 1 | AF21: Leicestershire | AG21: High Wycombe
A22: CCS2 | C22: 7 | D22: Clumber Crescent South | F22: 563 | G22: Adkins | H22: Ethel | I22: 1 | R22: 1 | S22: 26 | T22: 1885 | V22: 1 | Y22: Cook | Z22: Domestic | AA22: 1 | AC22: 1 | AE22: 1 | AF22: Leicestershire | AG22: Kanpanton
A23: CCS2 | C23: 7 | D23: Clumber Crescent South | F23: 563 | G23: Lee | H23: Minnie | I23: 1 | R23: 1 | S23: 23 | T23: 1888 | V23: 1 | Y23: Cook | Z23: Domestic | AA23: 1 | AC23: 1 | AD23: 1 | AF23: Nottinghamshie | AG23: Selston
A24: CCS3 | B24: Park Hall | C24: 5 | D24: Clumber Crescent South | F24: 562 | G24: Thorpe Perry | H24: John | J24: 1 | M24: 1 | S24: 51 | T24: 1860 | V24: 1 | Y24: Solicitor | Z24: Legal | AA24: 1 | AB24: 1 | AD24: 1 | AF24: Nottinghamshie | AG24: Nottingham | AH24: 14 room house
A25: CCS3 | B25: Park Hall | C25: 5 | D25: Clumber Crescent South | F25: 562 | G25: Read | H25: Rhonda | I25: 1 | R25: 1 | S25: 62 | T25: 1849 | V25: 1 | Y25: Cook | Z25: Domestic | AA25: 1 | AC25: 1 | AD25: 1 | AF25: Nottinghamshie | AG25: Nottingham
A26: CCS3 | B26: Park Hall | C26: 5 | D26: Clumber Crescent South | F26: 562 | G26: Cubb | H26: Sarah Annie | I26: 1 | R26: 1 | S26: 35 | T26: 1876 | V26: 1 | Y26: Parlormaid | Z26: Domestic | AA26: 1 | AC26: 1 | AE26: 1 | AF26: Leicestershire | AG26: Castle Donnington
A27: CCS3 | B27: Park Hall | C27: 5 | D27: Clumber Crescent South | F27: 562 | G27: Chapman | H27: Mary Elizabeth | I27: 1 | R27: 1 | S27: 29 | T27: 1882 | V27: 1 | Y27: Housemaid | Z27: Domestic | AA27: 1 | AC27: 1 | AE27: 1 | AF27: London | AG27: Belgrave Sq
A28: CCS4 | C28: 3 | D28: Clumber Crescent South | F28: 601 | G28: Fitzhugh | H28: Richard | J28: 1 | M28: 1 | S28: 77 | T28: 1834 | U28: 1 | Y28: Retired Chemist | Z28: Science | AE28: 1 | AF28: Northamptonshire | AG28: Northampton | AH28: 13 room house
A29: CCS4 | C29: 3 | D29: Clumber Crescent South | F29: 601 | G29: Fitzhugh | H29: Maria Louise | I29: 1 | N29: 1 | S29: 70 | T29: 1841 | U29: 1 | X29: 41 | AD29: 1 | AF29: Nottinghamshie | AG29: Nottingham | AH29: 1 child died
A30: CCS4 | C30: 3 | D30: Clumber Crescent South | F30: 601 | G30: Fitzhugh | H30: Alice Louise | I30: 1 | O30: 1 | S30: 40 | T30: 1871 | V30: 1 | AD30: 1 | AF30: Nottinghamshie | AG30: Nottingham
A31: CCS4 | C31: 3 | D31: Clumber Crescent South | F31: 601 | G31: Fitzhugh | H31: Annie Elizabeth | I31: 1 | O31: 1 | S31: 37 | T31: 1874 | V31: 1 | AD31: 1 | AF31: Nottinghamshie | AG31: Nottingham
A32: CCS4 | C32: 3 | D32: Clumber Crescent South | F32: 601 | G32: Peetman | H32: Ethel Ann | I32: 1 | R32: 1 | S32: 28 | T32: 1883 | V32: 1 | Y32: Cook | AA32: 1 | AC32: 1 | AE32: 1 | AF32: Lincolnshire | AG32: Heceby
A33: CCS4 | C33: 3 | D33: Clumber Crescent South | F33: 601 | G33: Copewin | H33: Florence | I33: 1 | R33: 1 | S33: 24 | T33: 1887 | V33: 1 | Y33: Housemaid | AA33: 1 | AC33: 1 | AE33: 1 | AF33: Norfolk | AG33: Gaydon Thopre
A34: TOTAL | B34: 4 | G34: 19 | H34: 31 | I34: =SUM(I3:I33) -> 24 | J34: =SUM(J3:J33) -> 7 | K34: =SUM(K3:K33) -> 0 | L34: =SUM(L3:L33) -> 0 | M34: =SUM(M3:M33) -> 4 | N34: =SUM(N3:N33) -> 3 | O34: =SUM(O3:O33) -> 7 | P34: =SUM(P3:P33) -> 1 | ... AG34: =SUM(AG3:AG33) -> 0
I35: =I34+J34+K34+L34 -> 31

Sheet Cav cresn
A1: House ID | B1: House Name | C1: NO. | D1: Address | E1: Family | F1: Name | G1: W/M/G/B | K1: Relationship to Head of family | Q1: Age | R1: Married/Single/Widow/er | S1: SINGLE | T1: Widow/er | U1: Married yrs | V1: Children born | W1: children living | X1: Personal Occupation | Y1: Industry | Z1: Economic participants | AA1: Employer/worker | AC1: Born | AE1: Note
A2: largest household | B2: smallest household | G2: W | H2: M | I2: G | J2: B | K2: HEAD women head | L2: WIFE | M2: daughter | N2: son | O2: Other | P2: Servant | Q2: If <15=child | R2: Married woman | S2: SINGLE woman | T2: Widow er | AA2: Employer | AB2: worker | AC2: Nottinghamshire | AD2: Other
A3: CCN1 | B3: Kentmere | D3: Cavendish Crescent North | E3: Wing | F3: William | H3: 1 | K3: 1 | Q3: 47 | R3: 1 | X3: Solicitor | Z3: 1 | AA3: 1 | AC3: 1
A4: CCN1 | B4: Kentmere | D4: Cavendish Crescent North | E4: Wing | F4: Sara Whitehead | G4: 1 | L4: 1 | Q4: 47 | R4: 1 | U4: 23 | V4: 2 | W4: 2 | AD4: Staffs
A5: CCN1 | B5: Kentmere | D5: Cavendish Crescent North | E5: Wing | F5: Henry | H5: 1 | N5: 1 | Q5: 21 | S5: 1 | X5: Automobile Engineer | Z5: 1 | AA5: 1 | AC5: 1
A6: CCN1 | B6: Kentmere | D6: Cavendish Crescent North | E6: Wing | F6: Richard | H6: 1 | N6: 1 | Q6: 18 | S6: 1 | X6: Solicitor articled Clerk | Z6: 1 | AC6: 1
A7: CCN1 | B7: Kentmere | D7: Cavendish Crescent North | E7: Busby | F7: Ester Amelia | G7: 1 | P7: 1 | Q7: 22 | S7: 1 | X7: Cook | Z7: 1 | AD7: Rutland
A8: CCN1 | B8: Kentmere | D8: Cavendish Crescent North | E8: Stanger | F8: Lottie | G8: 1 | P8: 1 | Q8: 24 | S8: 1 | X8: Housemaid | Z8: 1 | AD8: Rutland
A9: CCN2 | B9: Carisbrooke | D9: Cavendish Crescent North | E9: Bradshaw | F9: William | H9: 1 | K9: 1 | Q9: 74 | S9: 1 | X9: Director Public Co | Z9: 1 | AA9: 1 | AC9: 1
A10: CCN2 | B10: Carisbrooke | D10: Cavendish Crescent North | E10: Oston | F10: Caroline | G10: 1 | P10: 1 | Q10: 68 | S10: 1 | X10: Housekeeper | Z10: 1 | AD10: Yorks
A11: CCN2 | B11: Carisbrooke | D11: Cavendish Crescent North | E11: Fell | F11: Maude Ellen | G11: 1 | P11: 1 | Q11: 33 | S11: 1 | X11: Domestic servant | Z11: 1 | AD11: USA
A12: CCN2 | B12: Carisbrooke | D12: Cavendish Crescent North | E12: Pettitt | F12: Mary Emma | G12: 1 | P12: 1 | Q12: 27 | S12: 1 | X12: Domestic servant | Z12: 1 | AD12: Huntingdon
A13: CCN2 | B13: Carisbrooke | D13: Cavendish Crescent North | E13: Fletcher | F13: Olive | G13: 1 | P13: 1 | Q13: 17 | S13: 1 | X13: Domestic servant | Z13: 1 | AD13: Nova scotia
A14: CCN3 | B14: Cavendish Lodge | C14: 3 | D14: Cavendish Crescent North | E14: Foster | F14: Florence Eileen | I14: 1 | M14: 1 | Q14: 11 | X14: school | AC14: 1 | AE14: Mr Fostersigned census
A15: CCN3 | B15: Cavendish Lodge | C15: 3 | D15: Cavendish Crescent North | E15: Lefebvre | F15: Rachel Julia | G15: 1 | P15: 1 | Q15: 23 | S15: 1 | X15: Governess | Z15: 1 | AD15: France
A16: CCN3 | B16: Cavendish Lodge | C16: 3 | D16: Cavendish Crescent North | E16: Bossa | F16: Marie | G16: 1 | P16: 1 | Q16: 35 | S16: 1 | X16: Cook | Z16: 1 | AD16: Germany
A17: CCN3 | B17: Cavendish Lodge | C17: 3 | D17: Cavendish Crescent North | E17: Bell | F17: Ruth | G17: 1 | P17: 1 | Q17: 21 | S17: 1 | X17: Housemaid | Z17: 1 | AC17: 1
A18: CCN3 | B18: Cavendish Lodge | C18: 3 | D18: Cavendish Crescent North | E18: Newham | F18: Edgar Thorp | H18: 1 | P18: 1 | Q18: 35 | S18: 1 | X18: Yardman | Z18: 1 | AD18: Yorks
A19: CCN4 | B19: Blantyre | C19: 5 | D19: Cavendish Crescent North | E19: Birkin | F19: Philip Austin | H19: 1 | K19: 1 | Q19: 41 | R19: 1 | X19: Brewery Mgr | Z19: 1 | AA19: 1 | AC19: 1
A20: CCN4 | B20: Blantyre | C20: 5 | D20: Cavendish Crescent North | E20: Birkin | F20: Frances Emily | G20: 1 | L20: 1 | Q20: 34 | R20: 1 | U20: 10 | V20: 4 | W20: 4 | AC20: 1 | AE20: pk
A21: CCN4 | B21: Blantyre | C21: 5 | D21: Cavendish Crescent North | E21: Birkin | F21: Philipa Effie | I21: 1 | M21: 1 | Q21: 8 | AC21: 1 | AE21: pk
A22: CCN4 | B22: Blantyre | C22: 5 | D22: Cavendish Crescent North | E22: Birkin | F22: Frances Marjorie | I22: 1 | M22: 1 | Q22: 5 | AB22: 1 | AC22: 1 | AE22: pk
A23: CCN4 | B23: Blantyre | C23: 5 | D23: Cavendish Crescent North | E23: Birkin | F23: Beatrice Sophia | I23: 1 | M23: 1 | Q23: 4 | AC23: 1 | AE23: pk
A24: CCN4 | B24: Blantyre | C24: 5 | D24: Cavendish Crescent North | E24: Birkin | F24: Philip Gervaise | J24: 1 | N24: 1 | Q24: 1 | AC24: 1 | AE24: pk
A25: CCN4 | B25: Blantyre | C25: 5 | D25: Cavendish Crescent North | E25: Robinson | F25: Harriet | G25: 1 | P25: 1 | Q25: 39 | T25: 1 | X25: Cook | Z25: 1 | AC25: 1
A26: CCN4 | B26: Blantyre | C26: 5 | D26: Cavendish Crescent North | E26: Knight | F26: Susan | G26: 1 | P26: 1 | Q26: 42 | S26: 1 | X26: Nurse | Z26: 1 | AD26: cheshire
A27: CCN4 | B27: Blantyre | C27: 5 | D27: Cavendish Crescent North | E27: Skells | F27: Gertrude | G27: 1 | P27: 1 | Q27: 32 | S27: 1 | X27: Parlourmaid | Z27: 1 | AD27: Lincs
A28: CCN4 | B28: Blantyre | C28: 5 | D28: Cavendish Crescent North | E28: Oliver | F28: Ellen | G28: 1 | P28: 1 | Q28: 19 | S28: 1 | X28: Housemaid | Z28: 1 | AC28: 1
A29: CCN4 | B29: Blantyre | C29: 5 | D29: Cavendish Crescent North | E29: Barnes | F29: Ethel Mary | G29: 1 | P29: 1 | Q29: 17 | S29: 1 | X29: Kitchen maid | Z29: 1 | AD29: Northants
A30: CCN4 | B30: Blantyre | C30: 5 | D30: Cavendish Crescent North | E30: Smith | F30: Eleanor Harriet | G30: 1 | P30: 1 | Q30: 17 | S30: 1 | X30: Nurse | Z30: 1 | AD30: Warwickshire
A31: CCN5 | C31: 7 | D31: Cavendish Crescent North | E31: Hine | F31: Groves Conway | H31: 1 | K31: 1 | Q31: 48 | R31: 1 | X31: Lace Manuf | Z31: 1 | AA31: 1 | AC31: 1
A32: CCN5 | C32: 7 | D32: Cavendish Crescent North | E32: Hine | F32: Ephemia | G32: 1 | L32: 1 | Q32: 33 | R32: 1 | U32: 4 | AD32: ireland
A33: CCN5 | C33: 7 | D33: Cavendish Crescent North | E33: Herbert | F33: Mary Gertrude | G33: 1 | P33: 1 | Q33: 27 | S33: 1 | X33: Cook | Z33: 1 | AD33: Glous
A34: CCN5 | C34: 7 | D34: Cavendish Crescent North | E34: Cleek | F34: Elizabeth | G34: 1 | P34: 1 | Q34: 27 | S34: 1 | X34: Housemaid | Z34: 1 | AD34: Glous
A35: CCN6 | B35: Peverel | C35: 9 | D35: Cavendish Crescent North | E35: Stevenson | F35: Alice | G35: 1 | P35: 1 | Q35: 36 | S35: 1 | X35: Cook | Z35: 1 | AC35: 1 | AE35: Mr Webb signed census
A36: CCN6 | B36: Peverel | C36: 9 | D36: Cavendish Crescent North | E36: Simpson | F36: Emma Annie | G36: 1 | P36: 1 | Q36: 24 | S36: 1 | X36: Housemaid | Z36: 1 | AC36: 1
A37: CCN6 | B37: Peverel | C37: 9 | D37: Cavendish Crescent North | E37: Dunnicliffe | F37: Evelyn Annie | G37: 1 | P37: 1 | Q37: 21 | S37: 1 | X37: Kitchenmaid | Z37: 1 | AD37: Staffs
A38: CCN6 | B38: Peverel | C38: 9 | D38: Cavendish Crescent North | E38: Shipman | F38: Harold Herbert | H38: 1 | P38: 1 | Q38: 17 | S38: 1 | X38: Helper garden | Z38: 1 | AC38: 1
A39: CCN7 | B39: Hardwick | D39: Cavendish Crescent North | E39: Weinberg | F39: Mehir | H39: 1 | K39: 1 | Q39: 45 | R39: 1 | X39: Shipping Merchant and Lace Manuf | Z39: 1 | AA39: 1 | AC39: 1
A40: CCN7 | B40: Hardwick | D40: Cavendish Crescent North | E40: Weinberg | F40: Caroline | G40: 1 | L40: 1 | Q40: 41 | R40: 1 | U40: 4 | V40: 2 | W40: 2 | AD40: usa
A41: CCN7 | B41: Hardwick | D41: Cavendish Crescent North | E41: Weinberg | F41: Jacob | J41: 1 | N41: 1 | Q41: 3 | AC41: 1
A42: CCN7 | B42: Hardwick | D42: Cavendish Crescent North | E42: Weinberg | F42: Eli Gustave | J42: 1 | N42: 1 | Q42: 6 mths | AC42: 1
A43: CCN7 | B43: Hardwick | D43: Cavendish Crescent North | E43: Ortner | F43: Violet | G43: 1 | P43: 1 | Q43: 26 | S43: 1 | X43: Cook | Z43: 1 | AD43: Austrian
A44: CCN7 | B44: Hardwick | D44: Cavendish Crescent North | E44: Shelton | F44: Edna | G44: 1 | P44: 1 | Q44: 24 | S44: 1 | X44: Parlourmaid | Z44: 1 | AC44: 1
A45: CCN7 | B45: Hardwick | D45: Cavendish Crescent North | E45: Birkin | F45: Nelly | G45: 1 | P45: 1 | Q45: 29 | S45: 1 | X45: Nurse | Z45: 1 | AD45: Staffs
A46: CCN7 | B46: Hardwick | D46: Cavendish Crescent North | E46: Nicholls | F46: Lizzie | G46: 1 | P46: 1 | Q46: 25 | R46: 1 | S46: 1 | X46: Nurse | Z46: 1 | AD46: Rutland
A47: CCN7 | B47: Hardwick | D47: Cavendish Crescent North | E47: Adcock | F47: Annie | G47: 1 | P47: 1 | Q47: 23 | S47: 1 | X47: Housemaid | Z47: 1 | AD47: Lincs
A48: CCN8 | B48: Haddon | D48: Cavendish Crescent North | E48: Smith | F48: John Percy | H48: 1 | K48: 1 | Q48: 43 | R48: 1 | S48: 1 | X48: Lace manuf | Z48: 1 | AA48: 1 | AC48: 1
A49: CCN8 | B49: Haddon | D49: Cavendish Crescent North | E49: Smith | F49: Catherine | G49: 1 | L49: 1 | Q49: 47 | S49: 1 | AD49: liverpool
A50: CCN8 | B50: Haddon | D50: Cavendish Crescent North | E50: Smith | F50: John | H50: 1 | O50: Father | Q50: 75 | T50: 1 | X50: retired lace manuf | Z50: 1 | AB50: 1 | AC50: 1
A51: CCN8 | B51: Haddon | D51: Cavendish Crescent North | E51: Smith | F51: John Leslie | H51: 1 | N51: 1 | Q51: 20 | S51: 1 | X51: lace manuf (assis in business) | Z51: 1 | AC51: 1
A52: CCN8 | B52: Haddon | D52: Cavendish Crescent North | E52: Smith | F52: Constance Marjorie | I52: 1 | M52: 1 | Q52: 14 | X52: school | AC52: 1
A53: CCN8 | B53: Haddon | D53: Cavendish Crescent North | E53: Leman | F53: Helena Doris | I53: 1 | O53: visitor | Q53: 12 | X53: school | Z53: 1 | AB53: 1 | AC53: 1
A54: CCN8 | B54: Haddon | D54: Cavendish Crescent North | E54: Richards | F54: Emily | G54: 1 | P54: 1 | Q54: 33 | S54: 1 | X54: cook | Z54: 1 | AB54: 1 | AD54: Derbys
A55: CCN8 | B55: Haddon | D55: Cavendish Crescent North | E55: Cunnington | F55: Sarah Leah | G55: 1 | P55: 1 | Q55: 32 | S55: 1 | X55: housemaid | Z55: 1 | AB55: 1 | AD55: Rutland
A56: CCN8 | B56: Haddon | D56: Cavendish Crescent North | E56: Nicholls | F56: Contance Ethel | G56: 1 | P56: 1 | Q56: 22 | S56: 1 | X56: housemaid | Z56: 1 | AD56: Warwicks
A57: TOTAL | B57: 8 | E57: 38 | F57: 54 | G57: =SUM(G3:G56) -> 33 | H57: =SUM(H3:H56) -> 12 | I57: =SUM(I3:I56) -> 6 | J57: =SUM(J3:J56) -> 3 | K57: =SUM(K3:K56) -> 6 | L57: =SUM(L3:L56) -> 5 | M57: =SUM(M3:M56) -> 5 | N57: =SUM(N3:N56) -> 6 | O57: 2 | P57: =SUM(P3:P56) -> 30 | Q57: =SUM(Q3:Q56) -> 1529 | R57: =SUM(R3:R56) -> 10 | S57: =SUM(S3:S56) -> 35 | T57: =SUM(T3:T56) -> 2 | U57: =SUM(U3:U56) -> 41 | V57: =SUM(V3:V56) -> 8 | W57: =SUM(W3:W56) -> 8 | ... AC57: =SUM(AC3:AC56) -> 27 | AD57: =F57-AC57 -> 27
Q58: =Q57/F57 -> 28.314815
A88: TOTAL | E88: 38 | F88: 54 | G88: =SUM(G3:G56) -> 33 | H88: =SUM(H3:H56) -> 12 | I88: =SUM(I3:I56) -> 6 | J88: =SUM(J3:J56) -> 3 | K88: =SUM(K3:K56) -> 6 | L88: =SUM(L3:L56) -> 5 | M88: =SUM(M3:M56) -> 5 | N88: =SUM(N3:N56) -> 6 | O88: 2 | P88: =SUM(P3:P56) -> 30 | Q88: =SUM(Q3:Q56) -> 1529 | R88: =SUM(R3:R56) -> 10 | S88: =SUM(S3:S56) -> 35 | T88: =SUM(T3:T56) -> 2 | U88: =SUM(U3:U56) -> 41 | V88: =SUM(V3:V56) -> 8 | W88: =SUM(W3:W56) -> 8 | ... AC88: =SUM(AC3:AC56) -> 27 | AD88: 31
G89: =G88+H88+I88+J88 -> 54 | K89: =K88+L88+M88+N88+P88+O88 -> 54 | Q89: =Q88/K89 -> 28.314815 | AC89: =F88-AC88 -> 27

Sheet southrd p 168
A1: House ID | B1: House Name | C1: NO. | D1: Address | E1: Family | F1: Name | G1: W/M/G/B | K1: Relationship to Head of family | Q1: Age | R1: Married/Single/Widow/er | S1: SINGLE | T1: Widow/er | U1: Married yrs | V1: Children born | W1: children living | X1: Personal Occupation | Y1: Industry | Z1: Economic participants | AA1: Employer/worker | AC1: Born | AE1: Note
A2: largest household | B2: smallest household | G2: W | H2: M | I2: G | J2: B | K2: HEAD women head | L2: WIFE | M2: daughter | N2: son | O2: Other | P2: Servant | Q2: If <15=child | R2: Married woman | S2: SINGLE woman | T2: Widow er | AA2: Employer | AB2: worker | AC2: Nottinghamshire | AD2: Other
A3: SR1 | D3: South Rd | E3: Brewster | F3: Frederick | H3: 1 | K3: 1 | Q3: 77 | T3: 1 | X3: Retired Clark to commissioner | AC3: 1
A4: SR1 | D4: South Rd | E4: Wordcock | F4: Augusta | G4: 1 | P4: 1 | Q4: 64 | T4: 1 | X4: Cook | Z4: 1 | AD4: Rutland | AE4: also says private means
A5: SR1 | D5: South Rd | E5: Beadle | F5: Margaret Emma | G5: 1 | P5: 1 | Q5: 30 | S5: 1 | X5: domestic | Z5: 1 | AC5: 1
A6: SR1 | D6: South Rd | E6: Sharpe | F6: Sarah | G6: 1 | P6: 1 | Q6: 23 | S6: 1 | X6: Domestic | Z6: 1 | AD6: Leics
A7: SR2 | B7: Gardenhurst | D7: South Rd | E7: Hadden | F7: Henry Charles | H7: 1 | K7: 1 | Q7: 52 | R7: 1 | X7: MD | Y7: Costumier | Z7: 1 | AD7: Abdeenshire
A8: SR2 | B8: Gardenhurst | D8: South Rd | E8: Hadden | F8: Helen | G8: 1 | L8: 1 | Q8: 49 | R8: 1 | U8: 25 | AD8: Abdeenshire
A9: SR2 | B9: Gardenhurst | D9: South Rd | E9: Frost | F9: Annie Elizabeth | G9: 1 | P9: 1 | Q9: 24 | S9: 1 | X9: Cook | Z9: 1 | AD9: Derby
A10: SR2 | B10: Gardenhurst | D10: South Rd | E10: Norspool | F10: Annie | G10: 1 | P10: 1 | Q10: 25 | S10: 1 | X10: Nurse Parlourmaid | Z10: 1 | AD10: Derby
A11: SR3 | B11: Ellenborough | D11: South Rd | E11: McCaith | F11: Maria Elizabeth | G11: 1 | L11: 1 | Q11: 55 | R11: 1 | U11: 34 | V11: 5 | W11: 5 | AC11: 1
A12: SR3 | B12: Ellenborough | D12: South Rd | E12: McCaith | F12: Douglas | H12: 1 | N12: 1 | Q12: 33 | S12: 1 | X12: Solicitor | Z12: 1 | AC12: 1
A13: SR3 | B13: Ellenborough | D13: South Rd | E13: McCaith | F13: Bernard | H13: 1 | N13: 1 | Q13: 30 | S13: 1 | X13: Auctioneer | Z13: 1 | AC13: 1
A14: SR3 | B14: Ellenborough | D14: South Rd | E14: McCaith | F14: Kenneth Yorke | H14: 1 | N14: 1 | Q14: 20 | S14: 1 | X14: Student | Y14: Cambridge Univ | AC14: 1
A15: SR3 | B15: Ellenborough | D15: South Rd | E15: McCaith | F15: Violet Muriel | G15: 1 | M15: 1 | Q15: 18 | S15: 1 | X15: School | AC15: 1 | AE15: school age 18 female
A16: SR3 | B16: Ellenborough | D16: South Rd | E16: Richardson | F16: Isabelle | G16: 1 | P16: 1 | Q16: 56 | S16: 1 | X16: Housekeeper | Z16: 1 | AD16: Ireland
A17: SR3 | B17: Ellenborough | D17: South Rd | E17: Shaw | F17: Eliza Ann | G17: 1 | P17: 1 | Q17: 29 | S17: 1 | X17: Cook | Z17: 1 | AD17: Derby
A18: SR3 | B18: Ellenborough | D18: South Rd | E18: Bennett | F18: Martha | G18: 1 | P18: 1 | Q18: 26 | S18: 1 | X18: Parlourmaid | Z18: 1 | AD18: Leics
A19: SR3 | B19: Ellenborough | D19: South Rd | E19: Todd | F19: Adelaide | G19: 1 | P19: 1 | Q19: 29 | S19: 1 | X19: Housemaid | Z19: 1 | AC19: 1
A20: SR3 | B20: Ellenborough | D20: South Rd | E20: Barlow | F20: Edith Jane | G20: 1 | P20: 1 | Q20: 21 | S20: 1 | X20: Kitchenmaid | Z20: 1 | AD20: Staffs
A21: SR4 | B21: Parkhurst | D21: South Rd | E21: Walker | F21: Joseph | H21: 1 | K21: 1 | Q21: 81 | R21: 1 | X21: Auctioneer | Z21: 1 | AA21: 1 | AD21: leics
A22: SR4 | B22: Parkhurst | D22: South Rd | E22: Walker | F22: Sarah | G22: 1 | L22: 1 | Q22: 64 | R22: 1 | U22: 40 | V22: 1 | W22: 1 | AC22: 1
A23: SR4 | B23: Parkhurst | D23: South Rd | E23: Allop | F23: Ann | G23: 1 | O23: visitor | Q23: 62 | S23: 1 | X23: no occupation | AC23: 1
A24: SR4 | B24: Parkhurst | D24: South Rd | E24: Horrock | F24: Ellen | G24: 1 | P24: 1 | Q24: 17 | S24: 1 | X24: general servant | Z24: 1 | AD24: Derby
A25: SR5 | D25: South Rd | E25: Evans | F25: Robert | H25: 1 | K25: 1 | Q25: 78 | T25: 1 | X25: Architect + surveyor | Z25: 1 | AA25: 1 | AD25: Derby
A26: SR5 | D26: South Rd | E26: Evans | F26: Edith Mary | G26: 1 | M26: 1 | Q26: 51 | S26: 1
A27: SR5 | D27: South Rd | E27: Evans | F27: Ethel Francis | G27: 1 | M27: 1 | Q27: 46 | S27: 1
A28: SR5 | D28: South Rd | E28: Evans | F28: Dorothy | G28: 1 | M28: 1 | Q28: 36 | S28: 1
A29: SR5 | D29: South Rd | E29: Bellamy | F29: Ethel Francis | G29: 1 | M29: 1 | P29: 1 | Q29: 29 | S29: 1 | X29: Domestic servant | Z29: 1 | AD29: Cambs
A30: SR5 | D30: South Rd | E30: Addis | F30: Annie | G30: 1 | P30: 1 | Q30: 28 | S30: 1 | X30: Domestic servant | Z30: 1 | AD30: Herefords
A31: SR6 | D31: South Rd | E31: Burton | F31: Charlotte | G31: 1 | P31: 1 | Q31: 22 | S31: 1 | X31: Domestic servant | Z31: 1 | AC31: 1
A32: SR6 | C32: 1 | D32: South Rd | E32: Stubington | F32: George Henry | H32: 1 | K32: 1 | Q32: 63 | R32: 1 | X32: Bank Manager | Z32: 1 | AA32: 1 | AD32: Hamp
A33: SR6 | C33: 1 | D33: South Rd | E33: Stubington | F33: Sarah Maria | G33: 1 | L33: 1 | Q33: 56 | R33: 1 | U33: 30 | V33: 2 | W33: 2 | AD33: Hamps
A34: SR6 | C34: 1 | D34: South Rd | E34: Stubington | F34: George Henry | H34: 1 | N34: 1 | Q34: 29 | X34: Solicitor | Z34: 1 | AA34: 1 | AD34: Hamps
A35: SR6 | C35: 1 | D35: South Rd | E35: Stubington | F35: Francis | H35: 1 | N35: 1 | Q35: 34 | X35: Bank Clerk | Z35: 1 | AB35: 1 | AD35: Berks
A36: SR6 | C36: 1 | D36: South Rd | E36: Tunnicliffe | F36: Lucy | G36: 1 | P36: 1 | Q36: 39 | X36: Servant | Z36: 1 | AB36: 1 | AD36: ?
A37: SR6 | C37: 1 | D37: South Rd | E37: Copeman | F37: E | G37: 1 | P37: 1 | Q37: 20 | X37: Servant | Z37: 1 | AB37: 1 | AD37: Norfolk
A38: TOTAL | B38: 6 | E38: 23 | F38: 35 | G38: =SUM(G3:G37) -> 25 | H38: =SUM(H3:H37) -> 10 | I38: =SUM(I3:I37) -> 0 | J38: =SUM(J3:J37) -> 0 | K38: =SUM(K3:K37) -> 5 | L38: =SUM(L3:L37) -> 4 | M38: =SUM(M3:M37) -> 5 | N38: =SUM(N3:N37) -> 5 | O38: 1 | P38: =SUM(P3:P37) -> 16 | Q38: =SUM(Q3:Q37) -> 1416 | R38: =SUM(R3:R37) -> 7 | S38: =SUM(S3:S37) -> 21 | T38: =SUM(T3:T37) -> 3 | U38: =SUM(U3:U37) -> 129 | V38: =SUM(V3:V37) -> 8 | W38: =SUM(W3:W37) -> 8 | ... AC38: =SUM(AC3:AC37) -> 11 | AD38: 24
K39: =K38+L38+M38+N38+P38+O38 -> 36 | Q39: =A45:AY45 -> 39.333333 | AC39: =F38-AC38 -> 24
G45: =G38+H38+I38+J38 -> 35 | K45: =K38+L38+M38+N38+O38+P38 -> 36 | Q45: =Q38/K45 -> 39.333333

Sheet Cavendish Cres S p182
A1: House ID | B1: House Name | C1: NO. | D1: Address | E1: Family | F1: Name | G1: W/M/G/B | K1: Relationship to Head of family | Q1: Age | R1: Married/Single/Widow/er | S1: SINGLE | T1: Widow/er | U1: Married yrs | V1: Children born | W1: children living | X1: Personal Occupation | Y1: Industry | Z1: Economic participants | AA1: Employer/worker | AC1: Born | AE1: Note
A2: largest household | B2: smallest household | G2: W | H2: M | I2: G | J2: B | K2: HEAD women head | L2: WIFE | M2: daughter | N2: son | O2: Other | P2: Servant | Q2: If <15=child | R2: Married woman | S2: SINGLE woman | T2: Widow er | AA2: Employer | AB2: worker | AC2: Nottinghamshire | AD2: Other
A3: CaCS1 | C3: 15 | D3: Cavendish cres South | E3: Dobson | F3: Charles Frederick | H3: 1 | K3: 1 | Q3: 48 | R3: 1 | X3: Lace Manu | Z3: 1 | AA3: 1 | AC3: 1 | AE3: Lenton Rd born
A4: CaCS1 | C4: 15 | D4: Cavendish cres South | E4: Dobson | F4: Ada Mary | G4: 1 | L4: 1 | Q4: 47 | R4: 1 | U4: 24 | V4: 6 | W4: 5 | AD4: Lancs
A5: CaCS1 | C5: 15 | D5: Cavendish cres South | E5: Dobson | F5: Mary Ruth | G5: 1 | M5: 1 | Q5: 18 | S5: 1 | AC5: 1
A6: CaCS1 | C6: 15 | D6: Cavendish cres South | E6: Wlliams | F6: Mary | G6: 1 | P6: 1 | Q6: 25 | S6: 1 | X6: general serv | Z6: 1 | AD6: Lincs
A7: CaCS1 | C7: 15 | D7: Cavendish cres South | E7: Mee | F7: Edith | G7: 1 | P7: 1 | Q7: 35 | S7: 1 | X7: general serv | Z7: 1 | AD7: Derby
A8: CaCS2 | C8: 17 | D8: Cavendish cres South | E8: Walker | F8: Rose | G8: 1 | K8: 1 | Q8: 45 | S8: 1 | X8: Housekeeper in charge | Z8: 1 | AD8: Kent | AE8: seems to be 'servants residence'
A9: CaCS2 | C9: 17 | D9: Cavendish cres South | E9: Horner | F9: Cecile Alice | G9: 1 | O9: visitor | Q9: 30 | S9: 1 | X9: lives with parents no occupation | AC9: 1 | AE9: census siged by mrs Potter
A10: CaCS2 | C10: 17 | D10: Cavendish cres South | E10: Emery | F10: Elizabeth | G10: 1 | P10: 1 | Q10: 43 | S10: 1 | X10: cook | Z10: 1 | AD10: Herts
A11: CaCS3 | B11: Ravenscourt | C11: 19 | D11: Cavendish cres South | E11: Goddard | F11: Letitia | G11: 1 | K11: 1 | Q11: 66 | T11: 1 | V11: 9 | W11: 8 | AC11: 1
A12: CaCS3 | B12: Ravenscourt | C12: 19 | D12: Cavendish cres South | E12: Goddard | F12: Percy | H12: 1 | N12: 1 | Q12: 38 | S12: 1 | X12: lace manuf | Z12: 1 | AA12: 1 | AC12: 1
A13: CaCS3 | B13: Ravenscourt | C13: 19 | D13: Cavendish cres South | E13: Goddard | F13: Heygate | H13: 1 | N13: 1 | Q13: 35 | S13: 1 | X13: no occup | AC13: 1
A14: CaCS3 | B14: Ravenscourt | C14: 19 | D14: Cavendish cres South | E14: Goddard | F14: Daisy | G14: 1 | M14: 1 | Q14: 27 | S14: 1 | AC14: 1
A15: CaCS3 | B15: Ravenscourt | C15: 19 | D15: Cavendish cres South | E15: Goddard | F15: Winifred | G15: 1 | M15: 1 | Q15: 25 | S15: 1 | AC15: 1
A16: CaCS3 | B16: Ravenscourt | C16: 19 | D16: Cavendish cres South | E16: Blackwells | F16: Hannah | G16: 1 | P16: 1 | Q16: 24 | S16: 1 | X16: housemaid | Z16: 1 | AD16: Derbys
A17: CaCS3 | B17: Ravenscourt | C17: 19 | D17: Cavendish cres South | E17: Robinson | F17: Rose | G17: 1 | P17: 1 | Q17: 25 | S17: 1 | X17: cook | Z17: 1 | AD17: Lincs
A18: CaCS4 | B18: Albert Villa | C18: 21 | D18: Cavendish cres South | E18: Allen | F18: Sarah Elizabeth | G18: 1 | K18: 1 | Q18: 73 | S18: 1 | X18: indep means | AC18: 1
A19: CaCS4 | B19: Albert Villa | C19: 21 | D19: Cavendish cres South | E19: Hardy | F19: Ethel | G19: 1 | P19: 1 | Q19: 26 | S19: 1 | X19: cook | Z19: 1 | AD19: Lincs
A20: CaCS4 | B20: Albert Villa | C20: 21 | D20: Cavendish cres South | E20: Kerry | F20: Bertha Grahame | G20: 1 | P20: 1 | Q20: 20 | S20: 1 | X20: housemaid | Z20: 1 | AD20: Derbys
A21: CaCS5 | B21: Hollyroyd | C21: 23 | D21: Cavendish cres South | E21: Cloak | F21: Henry | H21: 1 | K21: 1 | Q21: 65 | S21: 1 | X21: Retired grocer | AC21: 1
A22: CaCS5 | B22: Hollyroyd | C22: 23 | D22: Cavendish cres South | E22: Cloak | F22: Elizabeth Ann | G22: 1 | O22: sister | Q22: 67 | S22: 1 | X22: Private means | AC22: 1
A23: CaCS5 | B23: Hollyroyd | C23: 23 | D23: Cavendish cres South | E23: Cloak | F23: Emma | G23: 1 | O23: sister | Q23: 57 | S23: 1 | X23: Private means | AC23: 1
A24: CaCS5 | B24: Hollyroyd | C24: 23 | D24: Cavendish cres South | E24: Cloak | F24: Louisa | G24: 1 | O24: sister | Q24: 51 | S24: 1 | X24: Private means | AC24: 1
A25: CaCS5 | B25: Hollyroyd | C25: 23 | D25: Cavendish cres South | E25: Cloak | F25: Helen | G25: 1 | O25: sister | Q25: 55 | S25: 1 | X25: Private means | AC25: 1
A26: CaCS5 | B26: Hollyroyd | C26: 23 | D26: Cavendish cres South | E26: Stone | F26: Clara | G26: 1 | P26: 1 | Q26: 27 | S26: 1 | X26: Cook | Z26: 1 | AD26: Sussex
A27: CaCS5 | B27: Hollyroyd | C27: 23 | D27: Cavendish cres South | E27: Warman | F27: Clara Ella | G27: 1 | P27: 1 | Q27: 26 | S27: 1 | X27: Housemaid | Z27: 1 | AD27: Oxford
A28: CaCS6 | C28: 25 | D28: Cavendish cres South | E28: Jessop | F28: William James | H28: 1 | K28: 1 | Q28: 55 | S28: 1 | X28: Draper | Z28: 1 | AA28: 1 | AD28: Exeter
A29: CaCS6 | C29: 25 | D29: Cavendish cres South | E29: Slack | F29: Hannah | G29: 1 | P29: 1 | Q29: 25 | S29: 1 | X29: Cook | Z29: 1 | AD29: Staffs
A30: CaCS6 | C30: 25 | D30: Cavendish cres South | E30: Jessop | F30: Ada Mary | G30: 1 | O30: sister | Q30: 54 | S30: 1 | X30: No Occu | AD30: Exeter
A31: CaCS6 | C31: 25 | D31: Cavendish cres South | E31: Jessop | F31: Florence Ma | G31: 1 | O31: sister | Q31: 47 | S31: 1 | X31: Instructress in wood carving | Z31: 1 | AA31: Staffs CC | AB31: 1 | AC31: 1
A32: CaCS6 | C32: 25 | D32: Cavendish cres South | E32: Jessop | F32: Rose Gertrude | G32: 1 | O32: sister | Q32: 42 | S32: 1 | X32: Hospital Nurse | Z32: 1 | AA32: non | AC32: 1
A33: CaCS6 | C33: 25 | D33: Cavendish cres South | E33: Jessop | F33: Effie Grace | G33: 1 | O33: sister | Q33: 39 | S33: 1 | X33: Teacher of work carving | Z33: 1 | AA33: non | AC33: 1
A34: CaCS6 | C34: 25 | D34: Cavendish cres South | E34: Fagan | F34: Blanche Gertrude | G34: 1 | O34: visitor | Q34: 31 | S34: 1 | X34: Instructress in wood carving | Z34: 1 | AA34: Staffs CC | AB34: 1 | AD34: Somerset
A35: CaCS6 | C35: 25 | D35: Cavendish cres South | E35: Black | F35: Catherine Charlotte | G35: 1 | P35: 1 | Q35: 19 | S35: 1 | X35: Housemaid | Z35: 1 | AD35: Staffs
A36: CaCS6 | C36: 25 | D36: Cavendish cres South | E36: Mann | F36: Annie | G36: 1 | H36: 1 | P36: 1 | Q36: 30 | S36: 1 | X36: Parlourmaid | Z36: 1 | AD36: London
A37: CaCS7 | C37: 9 | D37: Cavendish cres South | E37: Lee | F37: Arthur Neale | N37: 1 | Q37: 33 | S37: 1 | X37: Solicitor | Z37: 1 | AC37: 1 | AE37: Jane Prestbury Lee crossed out - widow private means presume not home that day
A38: CaCS7 | C38: 9 | D38: Cavendish cres South | E38: Toilson | F38: Betsy | G38: 1 | P38: 1 | Q38: 43 | S38: 1 | X38: Cook | Z38: 1 | AB38: 1 | AC38: 1
A39: CaCS7 | C39: 9 | D39: Cavendish cres South | E39: Cragg | F39: Lydia Elizabeth | G39: 1 | P39: 1 | Q39: 34 | S39: 1 | X39: housemaid | Z39: 1 | AB39: 1 | AD39: Lincs
A40: CaCS8 | C40: 7 | D40: Cavendish cres South | E40: Bradwell | F40: William Howard | H40: 1 | K40: 1 | Q40: 43 | R40: 1 | X40: Auctioneer | Z40: 1 | AA40: 1 | AC40: 1
A41: CaCS8 | C41: 7 | D41: Cavendish cres South | E41: Bradwell | F41: Carrie Sarah | G41: 1 | L41: 1 | Q41: 42 | R41: 1 | U41: 19 | V41: 2 | W41: 2 | AC41: 1
A42: CaCS8 | C42: 7 | D42: Cavendish cres South | E42: Bradwell | F42: Doris Howard | I42: 1 | M42: 1 | Q42: 14 | X42: Scholar | AC42: 1
A43: CaCS8 | C43: 7 | D43: Cavendish cres South | E43: Chonie | F43: Louisa | G43: 1 | P43: 1 | Q43: 39 | S43: 1 | X43: Cook | Z43: 1 | AD43: Surrey
A44: CaCS8 | C44: 7 | D44: Cavendish cres South | E44: Chatioir | F44: Sarah Jane | G44: 1 | P44: 1 | Q44: 22 | S44: 1 | X44: Housemaid | Z44: 1 | AD44: Leics
A45: CaCS9 | C45: 5 | D45: Cavendish cres South | E45: Martin | F45: Flora | G45: 1 | P45: 1 | Q45: 42 | X45: Sewing maid | Z45: 1 | AC45: 1 | AE45: address is 3 tattershall drive on form but signed by C Hutchinson & address is 5 Cavendish Cres South
A46: CaCS9 | C46: 5 | D46: Cavendish cres South | E46: Simpkin | F46: Annie | G46: 1 | P46: 1 | Q46: 27 | X46: Cook | Z46: 1 | AD46: Leics
A47: CaCS9 | C47: 5 | D47: Cavendish cres South | E47: Pearse | F47: Lucy | G47: 1 | P47: 1 | Q47: 32 | X47: Housemaid | Z47: 1 | AD47: Norfolk
A48: CaCS10 | B48: Kirkstall Lodge | C48: 3 | D48: Cavendish cres South | E48: Martin | F48: Frank William | H48: 1 | K48: 1 | Q48: 50 | R48: 1 | X48: Solicitor | Z48: 1 | AA48: 1 | AC48: 1
A49: CaCS10 | B49: Kirkstall Lodge | C49: 3 | D49: Cavendish cres South | E49: Martin | F49: Emma Mary | G49: 1 | L49: 1 | Q49: 48 | R49: 1 | U49: 25 | V49: 3 | W49: 3 | X49: Cook | Z49: 1 | AD49: Sunderland
A50: CaCS10 | B50: Kirkstall Lodge | C50: 3 | D50: Cavendish cres South | E50: Staneland | F50: Harriett | G50: 1 | P50: 1 | Q50: 38 | S50: 1 | X50: housemaid | Z50: 1 | AC50: 1
A51: CaCS10 | B51: Kirkstall Lodge | C51: 3 | D51: Cavendish cres South | E51: Reynolds | F51: Jessie | G51: 1 | P51: 1 | Q51: 25 | S51: 1 | AD51: Birmingham
A52: CaCS11 | B52: The Lawn | C52: 1 | D52: Cavendish cres South | E52: Cockburn | F52: Annie | G52: 1 | O52: Visitor | Q52: 48 | X52: Housekeeper | Z52: 1 | AD52: Warks | AE52: Signed by Mr Rook
A53: CaCS11 | B53: The Lawn | C53: 1 | D53: Cavendish cres South | E53: Wilmot | F53: Frederick | H53: 1 | K53: 1 | Q53: 35 | R53: 1 | X53: Police Constable | Y53: Nottingham Corp. | Z53: 1 | AD53: Derby
A54: CaCS11 | B54: The Lawn | C54: 1 | D54: Cavendish cres South | E54: Wilmot | F54: Annie | G54: 1 | L54: 1 | Q54: 35 | R54: 1 | U54: 9 | V54: 1 | W54: 1 | X54: Caretaker | Z54: 1 | AC54: 1
A55: CaCS11 | B55: The Lawn | C55: 1 | D55: Cavendish cres South | E55: Wilmot | F55: Beatrice | I55: 1 | M55: 1 | Q55: 5 | AC55: 1
A56: CaCS11 | B56: The Lawn | C56: 1 | D56: Cavendish cres South | E56: Fox | F56: Jane | G56: 1 | P56: 1 | Q56: 25 | X56: Servant | Z56: 1 | AC56: 1
A57: CaCS11 | B57: The Lawn | C57: 1 | D57: Cavendish cres South | E57: Ashbolt | F57: Florrie Ada | G57: 1 | P57: 1 | Q57: 27 | X57: Servant | Z57: 1 | AD57: Huntingdon
A58: TOTAL | B58: 11 | E58: 36 | F58: 55 | G58: =SUM(G3:G57) -> 44 | H58: =SUM(H3:H57) -> 9 | I58: =SUM(I3:I57) -> 2 | J58: =SUM(J3:J57) -> 0 | K58: =SUM(K3:K57) -> 9 | L58: =SUM(L3:L57) -> 4 | M58: =SUM(M3:M57) -> 5 | N58: =SUM(N3:N57) -> 3 | O58: 11 | P58: =SUM(P3:P57) -> 23 | Q58: =SUM(Q3:Q57) -> 2047 | R58: =SUM(R3:R57) -> 8 | S58: =SUM(S3:S57) -> 38 | T58: =SUM(T3:T57) -> 1 | U58: =SUM(U3:U57) -> 77 | V58: =SUM(V3:V57) -> 21 | W58: =SUM(W3:W57) -> 19 | ... AC58: =SUM(AC3:AC57) -> 28 | AD58: =F58-AC58 -> 27
Q59: =Q58/F58 -> 37.218182

Sheet holles cres p202
A1: House ID | B1: House Name | C1: NO. | D1: Address | E1: Family | F1: Name | G1: W/M/G/B | K1: Relationship to Head of family | Q1: Age | R1: Married/Single/Widow/er | S1: SINGLE | T1: Widow/er | U1: Married yrs | V1: Children born | W1: children living | X1: Personal Occupation | Y1: Industry | Z1: Economic participants | AA1: Employer/worker | AC1: Born | AE1: Note
A2: largest household | B2: smallest household | G2: W | H2: M | I2: G | J2: B | K2: HEAD women head | L2: WIFE | M2: daughter | N2: son | O2: Other | P2: Servant | Q2: If <15=child | R2: Married woman | S2: SINGLE woman | T2: Widow er | AA2: Employer | AB2: worker | AC2: Nottinghamshire | AD2: Other
A3: HC1 | C3: 1 | D3: Holles Cres | E3: Cassell | F3: Abel | G3: 1 | K3: 1 | Q3: 54 | R3: 1 | X3: Furrier | Z3: 1 | AA3: 1 | AD3: Birmingham
A4: HC1 | C4: 1 | D4: Holles Cres | E4: Cassell | F4: Sara Pearl | G4: 1 | L4: 1 | Q4: 22 | R4: 1 | U4: 18 mths | AD4: London
A5: HC1 | C5: 1 | D5: Holles Cres | E5: Weinberg | F5: Heattie | G5: 1 | O5: sister in law | Q5: 24 | R5: 1 | U5: 3 | V5: 2 | W5: 2 | AD5: London
A6: HC1 | C6: 1 | D6: Holles Cres | E6: Weinberg | F6: Edward | J6: 1 | O6: nephew | Q6: 2 | AD6: London
A7: HC1 | C7: 1 | D7: Holles Cres | E7: Weinberg | F7: Helene | I7: 1 | O7: niece | Q7: 10 mths | AD7: London
A8: HC1 | C8: 1 | D8: Holles Cres | E8: Day | F8: Henrietta | G8: 1 | P8: 1 | Q8: 27 | S8: 1 | X8: nurse | Z8: 1 | AD8: London
A9: HC1 | C9: 1 | D9: Holles Cres | E9: Hoult | F9: Floy | H9: 1 | P9: 1 | Q9: 17 | S9: 1 | X9: servant | Z9: 1 | AC9: 1
A10: HC2 | C10: 3 | D10: Holles Cres | E10: Walker | F10: Thomas Flewitt | H10: 1 | K10: 1 | Q10: 50 | S10: 1 | T10: 1 | X10: Solicitor | Z10: 1 | AA10: 1 | AC10: 1
A11: HC2 | C11: 3 | D11: Holles Cres | E11: Walker | F11: Olga Mary | G11: 1 | M11: 1 | Q11: 24 | S11: 1 | AC11: 1
A12: HC2 | C12: 3 | D12: Holles Cres | E12: Walker | F12: Olive Dobson | G12: 1 | M12: 1 | Q12: 22 | S12: 1 | AC12: 1
A13: HC2 | C13: 3 | D13: Holles Cres | E13: Kirkham | F13: Nellie | G13: 1 | P13: 1 | Q13: 21 | S13: 1 | X13: general domestic servant | Z13: 1 | AC13: 1
A14: HC3 | C14: 5 | D14: Holles Cres | E14: Cash | F14: Emily Elizabeth | G14: 1 | K14: 1 | Q14: 69 | S14: 1 | T14: 1 | X14: Independent | AC14: 1
A15: HC3 | C15: 5 | D15: Holles Cres | E15: Suscombe | F15: Mary Elizabeth | G15: 1 | P15: 1 | Q15: 40 | S15: 1 | X15: ladies companion | Z15: 1 | AD15: Manchester
A16: HC3 | C16: 5 | D16: Holles Cres | E16: Waddington | F16: Ida | G16: 1 | P16: 1 | Q16: 18 | S16: 1 | X16: servant | Z16: 1 | AD16: Towcester
A17: TOTAL | C17: 3 | E17: 9 | F17: 14 | G17: =SUM(G3:G16) -> 10 | H17: =SUM(H3:H16) -> 2 | I17: =SUM(I3:I16) -> 1 | J17: =SUM(J3:J16) -> 1 | K17: =SUM(K3:K16) -> 3 | L17: =SUM(L3:L16) -> 1 | M17: =SUM(M3:M16) -> 2 | N17: =SUM(N3:N16) -> 0 | O17: 3 | P17: =SUM(P3:P16) -> 5 | Q17: =SUM(Q3:Q16) -> 390 | R17: =SUM(R3:R16) -> 3 | S17: =SUM(S3:S16) -> 9 | T17: =SUM(T3:T16) -> 2 | U17: =SUM(U3:U16) -> 3 | V17: =SUM(V3:V16) -> 2 | W17: =SUM(W3:W16) -> 2 | Y17: =SUM(Y3:Y16) -> 0 | Z17: =SUM(Z3:Z16) -> 7 | AA17: =SUM(AA3:AA16) -> 2 | AB17: =SUM(AB3:AB16) -> 0 | AC17: =SUM(AC3:AC16) -> 6 | AD17: =F17-AC17 -> 8
A42: TOTAL | G42: =SUM(G3:G41) -> 20 | H42: =SUM(H3:H41) -> 4 | I42: =SUM(I3:I41) -> 2 | J42: =SUM(J3:J41) -> 2 | K42: =SUM(K3:K41) -> 6 | L42: =SUM(L3:L41) -> 2 | M42: =SUM(M3:M41) -> 4 | N42: =SUM(N3:N41) -> 0 | P42: =SUM(P3:P41) -> 10 | Q42: =SUM(Q3:Q41) -> 780 | R42: =SUM(R3:R41) -> 6 | S42: =SUM(S3:S41) -> 18 | T42: =SUM(T3:T41) -> 4 | U42: =SUM(U3:U41) -> 6 | V42: =SUM(V3:V41) -> 4 | W42: =SUM(W3:W41) -> 4 | Z42: =SUM(Z3:Z41) -> 14 | AA42: =SUM(AA3:AA41) -> 4 | AB42: =SUM(AB3:AB41) -> 0 | AC42: =SUM(AC3:AC41) -> 12 | AD42: =SUM(AD3:AD41) -> 8

Sheet LentonRd p208
A1: House ID | B1: House Name | C1: NO. | D1: Address | E1: Family | F1: Name | G1: W/M/G/B | K1: Relationship to Head of family | Q1: Age | R1: Married/Single/Widow/er | S1: SINGLE | T1: Widow/er | U1: Married yrs | V1: Children born | W1: children living | X1: Personal Occupation | Y1: Industry | Z1: Economic participants | AA1: Employer/worker | AC1: Born | AE1: Note
A2: largest household | B2: smallest household | G2: W | H2: M | I2: G | J2: B | K2: HEAD women head | L2: Married usually wife | M2: daughter | N2: son | O2: Other | P2: Servant | Q2: If <15=child | R2: Married woman | S2: SINGLE woman | T2: Widow er | AA2: Employer | AB2: worker | AC2: Nottinghamshire | AD2: Other
A3: LR1 | C3: 8 | D3: Lenton Rd | E3: Cowen | F3: Ellen M | G3: 1 | K3: 1 | Q3: 53 | S3: 1 | X3: Private Means | AC3: 1
A4: LR1 | C4: 8 | D4: Lenton Rd | E4: Mountain | F4: Ann | G4: 1 | O4: aunt | Q4: 79 | S4: 1 | X4: Private Means | AD4: Lincs
A5: LR1 | C5: 8 | D5: Lenton Rd | E5: Sherwin | F5: Gertrude | G5: 1 | P5: 1 | Q5: 24 | S5: 1 | X5: General servant | Z5: 1 | AD5: Lincs
A6: LR2 | C6: 6 | D6: Lenton Rd | E6: Lewis | F6: William | H6: 1 | K6: 1 | Q6: 79 | T6: 1 | X6: retired lace merchant | AC6: 1
A7: LR2 | C7: 6 | D7: Lenton Rd | E7: Lewis | F7: Ellen Frances | G7: 1 | M7: 1 | Q7: 53 | S7: 1 | AC7: 1
A8: LR2 | C8: 6 | D8: Lenton Rd | E8: Lewis | F8: Frank Beckitt | H8: 1 | N8: 1 | Q8: 49 | S8: 1 | X8: city architect | Y8: notts CC | Z8: 1 | AC8: 1
A9: LR2 | C9: 6 | D9: Lenton Rd | E9: Lewis | F9: Elizabeth Beatrice | G9: 1 | M9: 1 | Q9: 45 | S9: 1 | AC9: 1
A10: LR2 | C10: 6 | D10: Lenton Rd | E10: Ferwick | F10: Mary Ethel | G10: 1 | P10: 1 | Q10: 34 | S10: 1 | X10: sick nurse | Y10: nursing assoc | Z10: 1 | AB10: 1 | AD10: Bath
A11: LR2 | C11: 6 | D11: Lenton Rd | E11: Lee | F11: Hilda Marquerite | G11: 1 | P11: 1 | Q11: 20 | S11: 1 | X11: cook | Z11: 1 | AB11: 1 | AC11: 1
A12: LR2 | C12: 6 | D12: Lenton Rd | E12: Meek | F12: Harriet Louisa | G12: 1 | P12: 1 | Q12: 23 | S12: 1 | X12: Housemaid | Z12: 1 | AB12: 1 | AD12: Cheltenham
A13: LR3 | C13: 4 | D13: Lenton Rd | E13: Watmough | F13: Edwin | H13: 1 | K13: 1 | Q13: 59 | R13: 1 | X13: Wholesale confectioner & sweet manuf | Z13: 1 | AA13: 1 | AD13: Lincs
A14: LR3 | C14: 4 | D14: Lenton Rd | E14: Watmough | F14: Elizabeth C | G14: 1 | L14: 1 | P14: 1 | Q14: 58 | R14: 1 | U14: 35 | V14: 5 | W14: 4 | X14: domestic servant | Z14: 1 | AD14: Lincs
A15: LR3 | C15: 4 | D15: Lenton Rd | E15: Rippongale | F15: Emma | G15: 1 | Q15: 30 | S15: 1 | AD15: Lincs
A16: LR4 | C16: 2 | D16: Lenton Rd | E16: Preston | F16: Arundel Bracher | G16: 1 | K16: 1 | Q16: 49 | S16: 1 | T16: 1 | V16: 2 | W16: 2 | X16: Private means | AC16: 1
A17: LR4 | C17: 2 | D17: Lenton Rd | E17: Preston | F17: Richard William Dades | H17: 1 | N17: 1 | Q17: 22 | S17: 1 | X17: chemical student | AC17: 1
A18: LR4 | C18: 2 | D18: Lenton Rd | E18: Preston | F18: Overton Inett | J18: 1 | N18: 1 | Q18: 16 | X18: school | AC18: 1
A19: LR4 | C19: 2 | D19: Lenton Rd | E19: Horsey | F19: Blanche | G19: 1 | P19: 1 | Q19: 21 | S19: 1 | X19: domestic | Z19: 1 | AD19: somerset
A20: LR5 | C20: 9 | D20: Lenton Rd | E20: Wade | F20: Mary Anne | G20: 1 | K20: 1 | Q20: 62 | S20: 1 | X20: Retired fancy draper | AC20: 1
A21: LR5 | C21: 9 | D21: Lenton Rd | E21: Leeks | F21: Mary Jane | G21: 1 | O21: visitor | Q21: 53 | S21: 1 | X21: no occ | AD21: london
A22: LR5 | C22: 9 | D22: Lenton Rd | E22: Kemball | F22: Mary Jane | G22: 1 | O22: adopted | Q22: 28 | S22: 1 | X22: no occ | AD22: suffolk
A23: LR5 | C23: 9 | D23: Lenton Rd | E23: Swallow | F23: Louis Margaret | G23: 1 | P23: 1 | Q23: 25 | S23: 1 | X23: general servant | Z23: 1 | AC23: 1
A24: LR6 | C24: 11 | D24: Lenton Rd | E24: Ridgway | F24: Ernest Reginald | H24: 1 | K24: 1 | Q24: 59 | R24: 1 | X24: Architect | Z24: 1 | AD24: Cheltenham
A25: LR6 | C25: 11 | D25: Lenton Rd | E25: Ridgway | F25: Louisa Goodwin | G25: 1 | L25: 1 | Q25: 42 | R25: 1 | U25: 4 | AC25: 1
A26: LR6 | C26: 11 | D26: Lenton Rd | E26: Skelchley | F26: Lydia Swain | G26: 1 | O26: sister | Q26: 46 | S26: 1 | X26: No occ | AC26: 1
A27: LR6 | C27: 11 | D27: Lenton Rd | E27: Garton | F27: Rebecca Hoyes | G27: 1 | P27: 1 | Q27: 41 | S27: 1 | X27: domestic serv | Z27: 1 | AC27: 1
A28: LR6 | C28: 11 | D28: Lenton Rd | E28: Hall | F28: Hannah | G28: 1 | P28: 1 | Q28: 37 | S28: 1 | X28: domestic serv | Z28: 1 | AC28: 1
A29: LR7 | B29: Fairholme Lodge | C29: 13 | D29: Lenton Rd | E29: Forman | F29: Arthur | H29: 1 | K29: 1 | Q29: 61 | R29: 1 | X29: Newspaper Proprieter | Z29: 1 | AA29: 1 | AC29: 1
A30: LR7 | B30: Fairholme Lodge | C30: 13 | D30: Lenton Rd | E30: Forman | F30: Amy Marguerite | G30: 1 | L30: 1 | Q30: 34 | R30: 1 | U30: 14 | V30: 3 | W30: 1 | AC30: 1
A31: LR7 | B31: Fairholme Lodge | C31: 13 | D31: Lenton Rd | E31: Forman | F31: Thomas Vivian | J31: 1 | N31: 1 | Q31: 10 mths | AC31: 1
A32: LR7 | B32: Fairholme Lodge | C32: 13 | D32: Lenton Rd | E32: Sharpe | F32: Julia | G32: 1 | P32: 1 | Q32: 39 | S32: 1 | X32: Domestic | Z32: 1 | AD32: lincs
A33: LR7 | B33: Fairholme Lodge | C33: 13 | D33: Lenton Rd | E33: West | F33: Nellie | G33: 1 | P33: 1 | Q33: 39 | S33: 1 | X33: Domestic | Z33: 1 | AD33: derbys
A34: LR7 | B34: Fairholme Lodge | C34: 13 | D34: Lenton Rd | E34: Price | F34: Phoebe | G34: 1 | P34: 1 | Q34: 25 | S34: 1 | X34: Domestic | Z34: 1 | AD34: staffs
A35: LR7 | B35: Fairholme Lodge | C35: 13 | D35: Lenton Rd | E35: Chamberlain | F35: Mary Elizabeth | G35: 1 | P35: 1 | Q35: 26 | S35: 1 | X35: Domestic | Z35: 1 | AD35: lincs
A36: LR8 | C36: 15 | D36: Lenton Rd | E36: Goodwin | F36: John Richard | H36: 1 | K36: 1 | Q36: 68 | R36: 1 | X36: Retired bank mgr | AD36: london
A37: LR8 | C37: 15 | D37: Lenton Rd | E37: Goodwin | F37: Kate | G37: 1 | L37: 1 | Q37: 55 | R37: 1 | U37: 31 | V37: 4 | W37: 3 | AD37: cambs
A38: LR8 | C38: 15 | D38: Lenton Rd | E38: Goodwin | F38: Kate | G38: 1 | M38: 1 | Q38: 30 | S38: 1 | X38: no occup | AC38: 1
A39: LR8 | C39: 15 | D39: Lenton Rd | E39: Goodwin | F39: Gertrude | G39: 1 | M39: 1 | Q39: 27 | S39: 1 | AC39: 1
A40: LR8 | C40: 15 | D40: Lenton Rd | E40: Goodwin | F40: Hilda | G40: 1 | M40: 1 | Q40: 24 | S40: 1 | AC40: 1
A41: LR8 | C41: 15 | D41: Lenton Rd | E41: Linekar | F41: Martha | G41: 1 | P41: 1 | Q41: 33 | S41: 1 | X41: cook | Z41: 1 | AD41: derbys
A42: LR8 | C42: 15 | D42: Lenton Rd | E42: Roberts | F42: Edith Ann | G42: 1 | P42: 1 | Q42: 19 | S42: 1 | X42: housemaid | Z42: 1 | AD42: lincs
A43: LR9 | B43: Oakhurst | C43: 17 | D43: Lenton Rd | E43: Davis | F43: Edward Prosser | H43: 1 | K43: 1 | Q43: 59 | R43: 1 | X43: ? + millener ? | Z43: 1 | AD43: Bedford
A44: LR9 | B44: Oakhurst | C44: 17 | D44: Lenton Rd | E44: Davis | F44: Mary | G44: 1 | L44: 1 | Q44: 47 | R44: 1 | U44: 26 | V44: 3 | W44: 3 | AD44: London
A45: LR9 | B45: Oakhurst | C45: 17 | D45: Lenton Rd | E45: Rawlins | F45: Christine | G45: 1 | P45: 1 | Q45: 32 | S45: 1 | X45: domestic servant | Z45: 1 | AD45: Lincs
A46: LR9 | B46: Oakhurst | C46: 17 | D46: Lenton Rd | E46: Colman | F46: Rhodes | H46: 1 | P46: 1 | Q46: 38 | S46: 1 | X46: domestic servant | Z46: 1 | AD46: ?
A47: LR9 | B47: Oakhurst | C47: 17 | D47: Lenton Rd | E47: Hill | F47: Edna | G47: 1 | P47: 1 | Q47: 16 | S47: 1 | X47: domestic servant | Z47: 1 | AD47: Derbys
A48: LR9 | B48: Oakhurst | C48: 17 | D48: Lenton Rd | E48: Besfitt | F48: Mary Agnes | G48: 1 | P48: 1 | Q48: 43 | S48: 1 | X48: cook | Z48: 1 | AD48: Derbys
A49: LR10 | C49: 19 | D49: Lenton Rd | E49: Heaton | F49: Geoffrey Turner | J49: 1 | N49: 1 | Q49: 12 | X49: school | AC49: 1 | AE49: signed by william H Heaton
A50: LR10 | C50: 19 | D50: Lenton Rd | E50: Heaton | F50: Margaret | I50: 1 | M50: 1 | Q50: 10 | X50: school | AC50: 1
A51: LR10 | C51: 19 | D51: Lenton Rd | E51: Heaton | F51: Nancy Joyce | I51: 1 | M51: 1 | Q51: 8 | X51: school | AC51: 1
A52: LR10 | C52: 19 | D52: Lenton Rd | E52: Durant | F52: Minnie Kate | G52: 1 | P52: 1 | Q52: 35 | S52: 1 | X52: nurse | Z52: 1 | AB52: 1 | AD52: Suffolk
A53: LR10 | C53: 19 | D53: Lenton Rd | E53: Whatt | F53: Annie Jane | G53: 1 | P53: 1 | Q53: 24 | S53: 1 | X53: housemaid | Z53: 1 | AB53: 1 | AC53: 1
A54: LR11 | B54: Ravine | C54: 21 | D54: Lenton Rd | E54: Evans | F54: Robert Junior | H54: 1 | K54: 1 | Q54: 48 | S54: 1 | X54: Architect | Z54: 1 | AA54: 1 | AC54: 1
A55: LR11 | B55: Ravine | C55: 21 | D55: Lenton Rd | E55: Evans | F55: Constance Katherine | G55: 1 | L55: 1 | Q55: 41 | R55: 1 | U55: 18 | V55: 3 | W55: 3 | AC55: 1
A56: LR11 | B56: Ravine | C56: 21 | D56: Lenton Rd | E56: Evans | F56: Edith Cecily | I56: 1 | M56: 1 | Q56: 15 | X56: School | AC56: 1
A57: LR11 | B57: Ravine | C57: 21 | D57: Lenton Rd | E57: Evans | F57: Robert Hedland | J57: 1 | N57: 1 | Q57: 7 | AC57: 1
A58: LR12 | C58: 25 | D58: Lenton Rd | E58: Parson | F58: Frances Mays | G58: 1 | P58: 1 | Q58: 24 | S58: 1 | X58: Nurse | Z58: 1 | AD58: lincs
A59: LR12 | C59: 25 | D59: Lenton Rd | E59: Brooks | F59: Amelia | G59: 1 | P59: 1 | Q59: 25 | S59: 1 | X59: Cook | Z59: 1 | AD59: staffs
A60: LR12 | C60: 25 | D60: Lenton Rd | E60: Congreve | F60: Edith Annie | G60: 1 | P60: 1 | Q60: 22 | S60: 1 | X60: Housemaid | Z60: 1 | AD60: lincs
A61: LR12 | C61: 25 | D61: Lenton Rd | E61: Hopkins | F61: Hannah Maria | G61: 1 | K61: 1 | Q61: 76 | S61: 1 | X61: Private means | AC61: 1
A62: LR12 | C62: 25 | D62: Lenton Rd | E62: Cross | F62: Lilian | G62: 1 | O62: 1 | Q62: 54 | S62: 1 | X62: Ladies companion | Z62: 1 | AA62: 1 | AD62: Huntingdon
A63: LR12 | C63: 25 | D63: Lenton Rd | E63: Haywood | F63: Gertrude Elizabeth | G63: 1 | P63: 1 | Q63: 35 | S63: 1 | X63: Maid | Z63: 1 | AA63: 1 | AD63: Derby
A64: LR12 | C64: 25 | D64: Lenton Rd | E64: Milnes | F64: Elizabeth | G64: 1 | P64: 1 | Q64: 42 | S64: 1 | X64: Cook | Z64: 1 | AA64: 1 | AD64: Staffs
A65: LR12 | C65: 25 | D65: Lenton Rd | E65: Pritchett | F65: Mary Ann | G65: 1 | P65: 1 | Q65: 28 | S65: 1 | X65: Parlourmaid | Z65: 1 | AA65: 1 | AC65: 1
A66: LR13 | B66: Lenton | C66: 27 | D66: Lenton Rd | E66: Johnson | F66: Samuel Waite | H66: 1 | K66: 1 | Q66: 79 | T66: 1 | X66: Retired Mechanical Engineer | Y66: Midland Rail Co. | AD66: yorks
A67: LR13 | B67: Lenton | C67: 27 | D67: Lenton Rd | E67: Johnson | F67: Ethel | G67: 1 | M67: 1 | Q67: 52 | S67: 1 | AD67: cambs
A68: LR13 | B68: Lenton | C68: 27 | D68: Lenton Rd | E68: johnson | F68: Louisa | G68: 1 | M68: 1 | Q68: 57 | S68: 1 | AD68: Manc
A69: LR13 | B69: Lenton | C69: 27 | D69: Lenton Rd | E69: johnson | F69: Gertrude Caroline | G69: 1 | M69: 1 | Q69: 42 | S69: 1 | AD69: london
A70: LR13 | B70: Lenton | C70: 27 | D70: Lenton Rd | E70: Hayes | F70: Mary Ellen | G70: 1 | P70: 1 | Q70: 41 | S70: 1 | X70: Ladys maid | Z70: 1 | AD70: lincs
A71: LR13 | B71: Lenton | C71: 27 | D71: Lenton Rd | E71: Marriott | F71: Agnes | G71: 1 | P71: 1 | Q71: 38 | S71: 1 | X71: housemaid | Z71: 1 | AC71: 1
A72: LR13 | B72: Lenton | C72: 27 | D72: Lenton Rd | E72: Beardall | F72: Ann Elizabeth | G72: 1 | P72: 1 | Q72: 27 | S72: 1 | X72: cook | Z72: 1 | AD72: Derby
A73: LR13 | B73: Lenton | C73: 27 | D73: Lenton Rd | E73: Moulding | F73: Mary Ann | G73: 1 | P73: 1 | Q73: 19 | S73: 1 | X73: kitchen maid | Z73: 1 | AD73: Leics
A74: LR13 | B74: Lenton | C74: 27 | D74: Lenton Rd | E74: Packer | F74: Mary | G74: 1 | P74: 1 | Q74: 22 | S74: 1 | X74: housemaid | Z74: 1 | AD74: Gloucs
A75: LR13 | B75: Lenton | C75: 27 | D75: Lenton Rd | E75: Eron | F75: Mabel Evelyn | G75: 1 | P75: 1 | Q75: 28 | S75: 1 | X75: sick nurse | Z75: 1 | AD75: Bristol
A76: LR14 | C76: 29 | D76: Lenton Rd | E76: Carver | F76: Frederick | H76: 1 | K76: 1 | Q76: 74 | R76: 1 | X76: lace manuf & merchant | Z76: 1 | AA76: 1 | AC76: 1
A77: LR14 | C77: 29 | D77: Lenton Rd | E77: Carver | F77: Annie | G77: 1 | L77: 1 | Q77: 72 | R77: 1 | U77: 50 | V77: 3 | W77: 2 | AC77: 1
A78: LR14 | C78: 29 | D78: Lenton Rd | E78: Carver | F78: Annie Florence Kirk | G78: 1 | M78: 1 | Q78: 45 | S78: 1 | AC78: 1
A79: LR14 | C79: 29 | D79: Lenton Rd | E79: Noble | F79: Anna | G79: 1 | P79: 1 | Q79: 31 | S79: 1 | X79: Housemaid | Z79: 1 | AC79: 1
A80: LR15 | C80: 31 | D80: Lenton Rd | E80: Lawson | F80: David | H80: 1 | K80: 1 | Q80: 62 | R80: 1 | X80: Lace merchant | Z80: 1 | AA80: 1 | AD80: Count Durham
A81: LR15 | C81: 31 | D81: Lenton Rd | E81: Lawson | F81: Laura | G81: 1 | L81: 1 | Q81: 56 | R81: 1 | U81: 37 | AC81: 1
A82: LR15 | C82: 31 | D82: Lenton Rd | E82: Hardy | F82: Elsie | G82: 1 | P82: 1 | Q82: 25 | S82: 1 | X82: Housemaid | Z82: 1 | AC82: 1
A83: LR15 | C83: 31 | D83: Lenton Rd | E83: Eversby | F83: Edith | G83: 1 | P83: 1 | Q83: 26 | S83: 1 | X83: Cook | Z83: 1 | AC83: 1
A84: LR16 | B84: Cliff | C84: 33 | D84: Lenton Rd | E84: Parr | F84: George | H84: 1 | K84: 1 | Q84: 65 | R84: 1 | X84: Solicitor | Z84: 1 | AA84: 1 | AC84: 1
A85: LR16 | B85: Cliff | C85: 33 | D85: Lenton Rd | E85: Parr | F85: Allen Mary | H85: 1 | L85: 1 | Q85: 57 | R85: 1 | U85: 33 | V85: 12 | W85: 11 | AD85: Lincs
A86: LR16 | B86: Cliff | C86: 33 | D86: Lenton Rd | E86: Parr | F86: George Henry | H86: 1 | N86: 1 | Q86: 32 | S86: 1 | X86: Stockbroker | Z86: 1 | AA86: 1 | AC86: 1
A87: LR16 | B87: Cliff | C87: 33 | D87: Lenton Rd | E87: Parr | F87: William Noel | H87: 1 | N87: 1 | Q87: 30 | S87: 1 | X87: Solicitor | Z87: 1 | AA87: 1 | AC87: 1
A88: LR16 | B88: Cliff | C88: 33 | D88: Lenton Rd | E88: Parr | F88: Jo Violet | G88: 1 | M88: 1 | Q88: 23 | S88: 1 | X88: Teacher | Y88: Clergy daughters school Bristol | Z88: 1 | AB88: 1 | AC88: 1
A89: LR16 | B89: Cliff | C89: 33 | D89: Lenton Rd | E89: Parr | F89: Christine Nona | G89: 1 | M89: 1 | Q89: 20 | S89: 1 | X89: No occ | AC89: 1
A90: LR16 | B90: Cliff | C90: 33 | D90: Lenton Rd | E90: Parr | F90: Edgar Broan | H90: 1 | N90: 1 | Q90: 18 | S90: 1 | X90: Student | Y90: Practical Engineering | AD90: Leics
A91: LR16 | B91: Cliff | C91: 33 | D91: Lenton Rd | E91: Harris | F91: Francis Mary | G91: 1 | P91: 1 | Q91: 24 | S91: 1 | X91: Cook | Z91: 1 | AB91: 1 | AD91: Leics
A92: LR16 | B92: Cliff | C92: 33 | D92: Lenton Rd | E92: Harris | F92: Susannah | G92: 1 | P92: 1 | Q92: 18 | S92: 1 | X92: Housemaid | Z92: 1 | AB92: 1 | AD92: derbys
A93: LR16 | B93: Cliff | C93: 33 | D93: Lenton Rd | E93: Yeomans | F93: Sara Emil | G93: 1 | P93: 1 | Q93: 25 | S93: 1 | X93: Parlourmaid | Z93: 1 | AB93: 1 | AD93: somerset
A94: LR16 | B94: Cliff | C94: 33 | D94: Lenton Rd | E94: Askew | F94: Vina Ann | G94: 1 | P94: 1 | Q94: 16 | S94: 1 | X94: Kitchenmaid | Z94: 1 | AC94: 1
A95: LR17 | B95: The Stables | C95: 33 | D95: Lenton Rd | E95: Langsdale | F95: Billy | H95: 1 | P95: 1 | Q95: 25 | S95: 1 | X95: Coachman | Z95: 1 | AC95: 1
A96: LR18 | B96: Rock | C96: 37 | D96: Lenton Rd | E96: Norton | F96: William Frederick | H96: 1 | K96: 1 | Q96: 57 | R96: 1 | X96: Corn Merchant | Y96: Dealer | Z96: 1 | AA96: 1 | AD96: Lincs
A97: LR18 | B97: Rock | C97: 37 | D97: Lenton Rd | E97: Norton | F97: Marie | G97: 1 | L97: 1 | Q97: 47 | R97: 1 | U97: 24 | V97: 4 | W97: 3 | AD97: Lincs
A98: LR18 | B98: Rock | C98: 37 | D98: Lenton Rd | E98: Billyeald | F98: Amy | G98: 1 | P98: 1 | Q98: 34 | S98: 1 | X98: Sick nurse | Z98: 1 | AB98: 1 | AC98: 1
A99: LR18 | B99: Rock | C99: 37 | D99: Lenton Rd | E99: Justice | F99: Maud Annie | G99: 1 | P99: 1 | Q99: 21 | S99: 1 | X99: Cook | Z99: 1 | AB99: 1 | AD99: Lincs
A100: LR18 | B100: Rock | C100: 37 | D100: Lenton Rd | E100: Brooks | F100: Edith | G100: 1 | P100: 1 | Q100: 18 | S100: 1 | X100: Housemaid | Z100: 1 | AB100: 1 | AD100: Derbys
...

Sheet Hermitage Walkp 256
A1: House ID | B1: House Name | C1: NO. | D1: Address | E1: Family | F1: Name | G1: W/M/G/B | K1: Relationship to Head of family | Q1: Age | R1: Married/Single/Widow/er | S1: SINGLE | T1: Widow/er | U1: Married yrs | V1: Children born | W1: children living | X1: Personal Occupation | Y1: Industry | Z1: Economic participants | AA1: Employer/worker | AC1: Born | AE1: Note
A2: largest household | B2: smallest household | G2: W | H2: M | I2: G | J2: B | K2: HEAD women head | L2: Married usually wife | M2: daughter | N2: son | O2: Other | P2: Servant | Q2: If <15=child | R2: Married woman | S2: SINGLE woman | T2: Widow er | AA2: Employer | AB2: worker | AC2: Nottinghamshire | AD2: Other
A3: HW1 | B3: The Hermitage | D3: Hermitage Walk | E3: Hemingway | F3: Margaret Stewart | G3: 1 | M3: 1 | Q3: 25 | S3: 1 | AD3: Leics
A4: HW1 | B4: The Hermitage | D4: Hermitage Walk | E4: Wainman | F4: William | H4: 1 | P4: 1 | Q4: 70 | R4: 1 | X4: Caretaker | Z4: 1 | AC4: 1
A5: HW1 | B5: The Hermitage | D5: Hermitage Walk | E5: Wainman | F5: Ann | G5: 1 | P5: 1 | Q5: 63 | R5: 1 | U5: 15 | X5: Cook | Z5: 1 | AD5: Derby
A6: TOTAL | B6: 1 | D6: Hermitage Walk | E6: 2 | F6: 3 | G6: =SUM(G3:G5) -> 2 | H6: =SUM(H3:H5) -> 1 | I6: =SUM(I3:I5) -> 0 | J6: =SUM(J3:J5) -> 0 | K6: =SUM(K3:K5) -> 0 | L6: =SUM(L3:L5) -> 0 | M6: =SUM(M3:M5) -> 1 | N6: =SUM(N3:N5) -> 0 | ... AC6: =SUM(AC3:AC5) -> 1 | AD6: 2

Sheet Kenilworthrd p 259
A1: House ID | B1: House Name | C1: NO. | D1: Address | E1: Family | F1: Name | G1: W/M/G/B | K1: Relationship to Head of family | Q1: Age | R1: Married/Single/Widow/er | S1: SINGLE | T1: Widow/er | U1: Married yrs | V1: Children born | W1: children living | X1: Personal Occupation | Y1: Industry | Z1: Economic participants | AA1: Employer/worker | AC1: Born | AE1: Note
A2: largest household | B2: smallest household | G2: W | H2: M | I2: G | J2: B | K2: HEAD women head | L2: Married usually wife | M2: daughter | N2: son | O2: Other | P2: Servant | Q2: If <15=child | R2: Married woman | S2: SINGLE woman | T2: Widow er | AA2: Employer | AB2: worker | AC2: Nottinghamshire | AD2: Other
A3: KR1 | B3: Iveston | D3: Kenilworth Rd | E3: Green | F3: William Frederick | H3: 1 | K3: 1 | Q3: 66 | R3: 1 | X3: lace manu | Z3: 1 | AA3: 1 | AC3: 1
E4: Green | F4: Ada Nicholson | G4: 1 | L4: 1 | Q4: 47 | R4: 1 | U4: 22 | V4: 2 | W4: 2 | AD4: lincs
E5: Green | F5: Jessie | G5: 1 | M5: 1 | Q5: 30 | S5: 1 | X5: no occ | AD5: staffs
E6: Green | F6: Helda | G6: 1 | M6: 1 | Q6: 21 | S6: 1 | X6: no occ | AD6: staffs
E7: Green | F7: Dorothy | G7: 1 | M7: 1 | O7: 0 | Q7: 19 | S7: 1 | V7: 0 | W7: 0 | X7: no occ | Y7: 0 | AA7: 0 | AD7: staffs
E8: Forter | F8: Elizabeth | G8: 1 | P8: 1 | Q8: 20 | S8: 1 | X8: cook | Z8: 1 | AD8: staffs
E9: Smalley | F9: Helen | G9: 1 | P9: 1 | Q9: 27 | S9: 1 | X9: Housemaid | Z9: 1 | AD9: lincs
A10: KR2 | B10: Kenilworth | D10: Kenilworth Rd | E10: Pemberton | F10: Samuel Walker | H10: 1 | K10: 1 | Q10: 70 | R10: 1 | X10: Cotton manu | Z10: 1 | AD10: Yorkshire
E11: Pemberton | F11: Lucy Ann | G11: 1 | L11: 1 | Q11: 61 | R11: 1 | U11: 36 | V11: 6 | W11: 5 | AA11: 1 | AD11: Lincs
E12: Pemberton | F12: Mary Gertrude | G12: 1 | M12: 1 | Q12: 35 | S12: 1 | X12: Musical student (voice) | AD12: Lancs
E13: Pemberton | F13: Lucie Ethel | G13: 1 | M13: 1 | Q13: 18 | S13: 1 | X13: Musical student (piano) | AD13: Lancs
E14: Purden | F14: Emily | G14: 1 | P14: 1 | Q14: 22 | S14: 1 | X14: Domestic servant | Z14: 1 | AD14: Birmingham
A15: KR3 | B15: The Chestnuts | D15: Kenilworth Rd | E15: Elborough | F15: Fe Thos | H15: 1 | K15: 1 | Q15: 56 | R15: 1 | X15: Engineers merchant | Z15: 1 | AA15: 1 | AD15: Surrey
E16: Elborough | F16: Ellen | G16: 1 | L16: 1 | Q16: 46 | R16: 1 | U16: 23 | V16: 5 | W16: 5 | AD16: Essex
E17: Elborough | F17: Ethel Evisor | G17: 1 | M17: 1 | Q17: 21 | S17: 1 | AC17: 1
E18: Elborough | F18: Dorothy Ellen | I18: 1 | M18: 1 | Q18: 17 | X18: school | AC18: 1
E19: Elborough | F19: Mayone Jane | I19: 1 | M19: 1 | Q19: 15 | X19: school | AC19: 1
E20: Elborough | F20: Olive Hunter | I20: 1 | M20: 1 | Q20: 14 | X20: school | AC20: 1
E21: Elborough | F21: Joyce Beaumont | I21: 1 | M21: 1 | Q21: 9 | X21: school | AC21: 1
E22: Holmes | F22: Charlotte | G22: 1 | P22: 1 | Q22: 26 | S22: 1 | X22: Domestic | Z22: 1 | AD22: Lincs
E23: Holmes | F23: Emma | G23: 1 | P23: 1 | Q23: 24 | S23: 1 | X23: Domestic | Z23: 1 | AD23: Lincs
A24: KR4 | C24: 2 | D24: kenilworth Rd | E24: Hardstaff | F24: Thomas Wilkinson | H24: 1 | K24: 1 | Q24: 46 | R24: 1 | X24: Wicker manuf | Z24: 1 | AA24: 1 | AC24: 1
E25: Hardstaff | F25: Ethel Dora | G25: 1 | L25: 1 | Q25: 34 | R25: 1 | U25: 7 | V25: 2 | W25: 2 | AD25: Somerset
E26: Hardstaff | F26: Thomas Wilkinson | J26: 1 | N26: 1 | Q26: 5 | AC26: 1
E27: Hardstaff | F27: Arthur Harman | J27: 1 | N27: 1 | Q27: 10 mths | AC27: 1
E28: Endling | F28: Margaret | G28: 1 | P28: 1 | Q28: 18 | S28: 1 | X28: Housemaid | Z28: 1 | AD28: Lincs
E29: Clark | F29: Annie | G29: 1 | P29: 1 | Q29: 21 | S29: 1 | X29: General Servant | Z29: 1 | AD29: Leics
A30: TOTAL | B30: 4 | D30: kenilworth rd | E30: 10 | F30: 27 | G30: =SUM(G3:G29) -> 17 | H30: =SUM(H3:H29) -> 4 | I30: =SUM(I3:I29) -> 4 | J30: =SUM(J3:J29) -> 2 | K30: =SUM(K3:K29) -> 4 | L30: =SUM(L3:L29) -> 4 | M30: =SUM(M3:M29) -> 10 | N30: =SUM(N3:N29) -> 2 | ... AC30: =SUM(AC3:AC29) -> 9 | AD30: =F30-AC30 -> 18
G31: =F30-G30-H30-I30-J30 -> 0 | K31: =F30-K30-L30-M30-N30-O30-P30 -> 0 | Q31: =Q30/F30 -> 29.185185 | R31: =F30-R30-S30-T30-I30-J30 -> 0

Sheet fishpond drive p 286 418
A1: House ID | B1: House Name | C1: NO. | D1: Address | E1: Family | F1: Name | G1: W/M/G/B | K1: Relationship to Head of family | Q1: Age | R1: Married/Single/Widow/er | S1: SINGLE | T1: Widow/er | U1: Married yrs | V1: Children born | W1: children living | X1: Personal Occupation | Y1: Industry | Z1: Economic participants | AA1: Employer/worker | AC1: Born | AE1: Note
A2: largest household | B2: smallest household | D2: Note have only included those on Castle Boulevard who refer to a Fishpond drive address on census | G2: W | H2: M | I2: G | J2: B | K2: HEAD women head | L2: WIFE | M2: daughter | N2: son | O2: Other | P2: Servant | Q2: If <15=child | R2: Married woman | S2: SINGLE woman | T2: Widow er | AA2: Employer | AB2: worker | AC2: Nottinghamshire | AD2: Other
A3: FD1 | B3: Sunnyside | D3: Fishpond Drive | E3: Oakey | F3: Arthur A | H3: 1 | K3: 1 | Q3: ? | T3: 1 | X3: Retired Corn ? | AC3: 1 | AE3: aka 44 Castle Boulevard
E4: Bates | F4: Eliza | G4: 1 | P4: 1 | Q4: 40 | S4: 1 | X4: Housekeeper | Z4: 1 | AC4: 1
A5: FD2 | B5: Glenmaye | E5: Walker | F5: Lucy Ann | G5: 1 | K5: 1 | Q5: 47 | T5: 1 | X5: Private Means | AD5: Leics | AE5: house 48 Castle boulevard, back way fishpond drive
E6: Walker | F6: Phylis | I6: 1 | M6: 1 | Q6: 13 | S6: 1 | X6: School | AC6: 1 | AE6: born Fishpond Drive the park
A7: FD3 | B7: Norhow Villa | C7: 11 | E7: Robinson | F7: George Gale | H7: 1 | K7: 1 | Q7: 64 | R7: 1 | X7: Property Broker | Z7: 1 | AA7: 1 | AD7: Derby | AE7: Front way 52 Castle boulevard
E8: Robinson | F8: Rebecca Walling | G8: 1 | L8: 1 | Q8: 62 | R8: 1 | U8: 30 | V8: 9 | W8: 7 | AD8: Devon
E9: Robinson | F9: Edith Eleanor | G9: 1 | M9: 1 | Q9: 29 | S9: 1 | X9: Clerk | Y9: Retail chemists | Z9: 1 | AB9: 1 | AC9: 1
E10: Robinson | F10: George Owen | H10: 1 | N10: 1 | Q10: 25 | S10: 1 | X10: Clerk | Y10: Nottingham Corp | Z10: 1 | AB10: 1 | AC10: 1
E11: Wilson | F11: Mary Eleanor | G11: 1 | O11: visitor | Q11: 72 | T11: 1 | U11: 4 | V11: 1 | W11: 1 | AD11: Devon
E12: Wilson | F12: Ethel | G12: 1 | O12: niece | Q12: 29 | S12: 1 | X12: Clerk wholesal chemists | Y12: Boots | Z12: 1 | AB12: 1 | AD12: Devon
E13: Stigings | F13: Charles | H13: 1 | O13: visitor | Q13: 58 | R13: 1 | U13: 34 | V13: 8 | W13: 5 | X13: Farmer | Y13: own account | Z13: 1 | AD13: Devon
A14: FD4 | C14: 2 | E14: Goldstowe | F14: Jacob | H14: 1 | K14: 1 | Q14: 34 | R14: 1 | X14: Lace manuf | Z14: 1 | AA14: 1 | AD14: Sheffield
E15: Goldstowe | F15: Louise | G15: 1 | L15: 1 | Q15: 35 | R15: 1 | U15: 3 | V15: 2 | W15: 2 | AD15: German
E16: Goldstowe | F16: Gertrude | I16: 1 | M16: 1 | Q16: 7 | S16: 1 | X16: School | AD16: manc
E17: Goldstowe | F17: Salo Alfred | J17: 1 | N17: 1 | Q17: 2 | S17: 1 | AC17: 1
E18: Goldstowe | F18: Ella | I18: 1 | M18: 1 | Q18: 1 mth | S18: 1 | AC18: 1
E19: Baker | F19: Herbert | J19: 1 | O19: Stepson | Q19: 12 | S19: 1 | X19: School | AD19: German
E20: Baker | F20: Ludwig | J20: 1 | O20: Stepson | Q20: 10 | S20: 1 | X20: School | AD20: German
E21: Starbuck | F21: Lizzie | G21: 1 | P21: 1 | Q21: 20 | S21: 1 | X21: General | Z21: 1 | AD21: Leics
A23: TOTAL | B23: 4 | E23: 9 | F23: 19 | G23: =SUM(G1:G22) -> 8 | H23: =SUM(H1:H22) -> 5 | I23: =SUM(I1:I22) -> 3 | J23: =SUM(J1:J22) -> 3 | K23: =SUM(K1:K22) -> 4 | L23: =SUM(L1:L22) -> 2 | M23: =SUM(M1:M22) -> 4 | N23: =SUM(N1:N22) -> 2 | O23: 5 | P23: =SUM(P1:P22) -> 2 | Q23: =SUM(Q1:Q22) -> 559 | R23: =SUM(R1:R22) -> 5 | S23: =SUM(S1:S22) -> 11 | T23: =SUM(T1:T22) -> 3 | U23: =SUM(U1:U22) -> 71 | V23: =SUM(V1:V22) -> 20 | W23: =SUM(W1:W22) -> 15 | ... AC23: =SUM(AC1:AC22) -> 7 | AD23: 12
AC24: =F23-AC23 -> 12
G25: =G23+H23+I23+J23 -> 19 | K25: =K23+L23+M23+N23+O23+P23 -> 19 | Q25: =Q23/K25 -> 29.421053

Sheet Hope Drive p.376
A1: House ID | B1: House Name | C1: NO. | D1: Address | E1: Family | F1: Name | G1: W/M/G/B | K1: Relationship to Head of family | Q1: Age | R1: Married/Single/Widow/er | S1: SINGLE | T1: Widow/er | U1: Married yrs | V1: Children born | W1: children living | X1: Personal Occupation | Y1: Industry | Z1: Economic participants | AA1: Employer/worker | AC1: Born | AE1: Note | AF1: Rooms in house
A2: largest household | B2: smallest household | G2: W | H2: M | I2: G | J2: B | K2: HEAD women head | L2: WIFE | M2: daughter | N2: son | O2: Other | P2: Servant | Q2: If <15=child | R2: Married woman | S2: SINGLE woman | T2: Widow er | AA2: Employer | AB2: worker/employee | AC2: Nottinghamshire | AD2: Other
A3: HD1 | D3: Hope Drive | E3: Brampton | F3: Enos | H3: 1 | K3: 1 | Q3: 57 | R3: 1 | X3: Groom - Coachman | Y3: Domestic | Z3: 1 | AB3: 1 | AC3: 1
A4: HD1 | D4: Hope Drive | E4: Brampton | F4: Hannah | G4: 1 | L4: 1 | Q4: 46 | R4: 1 | U4: 18 | V4: 4 | W4: 4 | X4: at home | AC4: 1
A5: HD1 | D5: Hope Drive | E5: Brampton | F5: Edith | G5: 1 | M5: 1 | Q5: 16 | S5: 1 | X5: Lace curtain folder | Y5: lace dressers | Z5: 1 | AB5: 1 | AC5: 1
A6: HD1 | D6: Hope Drive | E6: Brampton | F6: Lawrence | J6: 1 | N6: 1 | Q6: 14 | S6: 1 | X6: Office boy | Z6: 1 | AB6: 1 | AC6: 1
A7: HD1 | D7: Hope Drive | E7: Brampton | F7: Winifred | I7: 1 | M7: 1 | Q7: 13 | X7: at school | AC7: 1
A8: HD1 | D8: Hope Drive | E8: Brampton | F8: Mabel | G8: 1 | M8: 1 | Q8: 11 | X8: at school | AC8: 1
A9: HD2 | C9: 3 | D9: Hope Drive | E9: Knight | F9: Frederick | H9: 1 | K9: 1 | Q9: 45 | R9: 1 | X9: Cartons foreman | Y9: General carrier | Z9: 1 | AB9: 1
A10: HD2 | C10: 3 | D10: Hope Drive | E10: Knight | F10: Olive | G10: 1 | L10: 1 | Q10: 44 | R10: 1 | U10: 19 | V10: 3 | W10: 2 | AD10: lincs
A11: HD2 | C11: 3 | D11: Hope Drive | E11: Knight | F11: George Ross | H11: 1 | N11: 1 | Q11: 18 | S11: 1 | X11: Clerk | Y11: Building soc | Z11: 1 | AB11: 1 | AC11: 1
A12: HD2 | C12: 3 | D12: Hope Drive | E12: Knight | F12: Susan Emily | G12: 1 | M12: 1 | Q12: 17 | S12: 1 | X12: Dressmaker | Z12: 1 | AB12: 1 | AC12: 1
A13: HD2 | C13: 3 | D13: Hope Drive | E13: Dawson | F13: James Rutter | H13: 1 | O13: visitor | Q13: 42 | R13: 1 | X13: Bricklayer | Y13: Builder | Z13: 1 | AB13: 1 | AD13: lincs
A14: HD2 | C14: 3 | D14: Hope Drive | E14: Dawson | F14: Kate Elizabeth | G14: 1 | O14: visitor | Q14: 39 | R14: 1 | U14: 15 | AD14: lincs
A15: HD3 | C15: 5 | D15: Hope Drive | E15: Finney | F15: James | H15: 1 | K15: 1 | Q15: 70 | T15: 1 | X15: Cashier | Y15: lace bleaching, dying and dressing works | Z15: 1 | AB15: 1 | AC15: 1
A16: HD3 | C16: 5 | D16: Hope Drive | E16: Finney | F16: Ellen | G16: 1 | M16: 1 | Q16: 42 | S16: 1 | X16: Head teacher | Y16: Lenton trust school | Z16: 1 | AB16: 1 | AD16: lancs
A17: HD3 | C17: 5 | D17: Hope Drive | E17: Finney | F17: Emilie Gertrude | G17: 1 | M17: 1 | Q17: 33 | S17: 1 | X17: Assistant teacher | Y17: Notts Council school | Z17: 1 | AB17: 1 | AC17: 1
A18: HD3 | C18: 5 | D18: Hope Drive | E18: Finney | F18: Robert Cecil | H18: 1 | N18: 1 | Q18: 23 | S18: 1 | X18: Clerk | Y18: railway contractor | Z18: 1 | AB18: 1 | AC18: 1
A19: HD3 | C19: 5 | D19: Hope Drive | E19: Barnes | F19: Ethel Ann | G19: 1 | P19: 1 | Q19: 20 | S19: 1 | X19: General servant | Z19: 1 | AB19: 1 | AC19: 1
A20: HD4 | C20: 7 | D20: Hope Drive | E20: Cooke | F20: Mary Ann | G20: 1 | K20: 1 | Q20: 56 | T20: 1 | X20: private means | AD20: Derbys
A21: HD4 | C21: 7 | D21: Hope Drive | E21: Cooke | F21: Charles | H21: 1 | N21: 1 | Q21: 29 | S21: 1 | X21: engineer | Z21: 1 | AA21: 1 | AD21: Hunts
A22: HD4 | C22: 7 | D22: Hope Drive | E22: Cooke | F22: Walter Reed | H22: 1 | N22: 1 | Q22: 24 | S22: 1 | X22: lace bleacher | Z22: 1 | AA22: 1 | AC22: 1
A23: HD4 | C23: 7 | D23: Hope Drive | E23: Powers | F23: Leonard Joseph | H23: 1 | O23: nephew | Q23: 16 | S23: 1 | X23: engineers apprentice | Z23: 1 | AB23: 1 | AD23: Cambs
A24: HD4 | C24: 7 | D24: Hope Drive | E24: Reed | F24: Amy | G24: 1 | P24: 1 | Q24: 18 | S24: 1 | X24: general servant | Z24: 1 | AB24: 1 | AC24: 1
A25: HD5 | C25: 9 | D25: Hope Drive | E25: Gunn | F25: William | H25: 1 | K25: 1 | Q25: 52 | R25: 1 | X25: Sports manuf | Z25: 1 | AA25: 1 | AC25: 1
A26: HD5 | C26: 9 | D26: Hope Drive | E26: Gunn | F26: ann Elizabeth | G26: 1 | L26: 1 | Q26: 48 | R26: 1 | U26: 26 | V26: 1 | W26: 1 | AC26: 1
A27: HD5 | C27: 9 | D27: Hope Drive | E27: Gunn | F27: Mary Florence | G27: 1 | M27: 1 | Q27: 22 | S27: 1 | AC27: 1
A28: HD5 | C28: 9 | D28: Hope Drive | E28: Hmphreys | F28: Hannah | G28: 1 | O28: sister | Q28: 53 | T28: 1 | X28: Domestic | Z28: 1 | AD28: Derbys
A29: HD5 | C29: 9 | D29: Hope Drive | E29: Tagg | F29: Annie Francis | G29: 1 | P29: 1 | Q29: 23 | S29: 1 | AC29: 1
A30: HD6 | C30: 11 | D30: Hope Drive | E30: Smith | F30: Charlotte | G30: 1 | K30: 1 | Q30: 71 | T30: 1 | V30: 3 | W30: 2 | X30: private means | AC30: 1
A31: HD6 | C31: 11 | D31: Hope Drive | E31: Duery | F31: Mary | G31: 1 | O31: Sister | Q31: 81 | S31: 1 | X31: private means | AC31: 1 | AE31: spinster
A32: HD6 | C32: 11 | D32: Hope Drive | E32: Wilson | F32: Florence | G32: 1 | P32: 1 | Q32: 28 | S32: 1 | X32: domestic | Z32: 1 | AD32: Derbys
A33: HD7 | C33: 13 | D33: Hope Drive | E33: Widdowson | F33: G W | H33: 1 | K33: 1 | Q33: 71 | T33: 1 | X33: Retired farmer | AD33: Lincs
A34: HD7 | C34: 13 | D34: Hope Drive | E34: Widdowson | F34: John B | H34: 1 | N34: 1 | Q34: 39 | S34: 1 | X34: Draper | Z34: 1 | AB34: 1 | AD34: Lincs
A35: HD8 | C35: 15 | D35: Hope Drive | E35: Sherwin | F35: William | H35: 1 | K35: 1 | Q35: 39 | R35: 1 | X35: Cricket bat maker | Z35: 1 | AC35: 1
A36: HD8 | C36: 15 | D36: Hope Drive | E36: Sherwin | F36: Rose | G36: 1 | L36: 1 | Q36: 40 | R36: 1 | U36: 18 | V36: 4 | W36: 4 | AC36: 1
A37: HD8 | C37: 15 | D37: Hope Drive | E37: Sherwin | F37: William | H37: 1 | N37: 1 | Q37: 17 | S37: 1 | X37: cricket bat maker | Z37: 1 | AB37: 1 | AC37: 1
A38: HD8 | C38: 15 | D38: Hope Drive | E38: Sherwin | F38: Harold | J38: 1 | N38: 1 | Q38: 14 | X38: school | AC38: 1
A39: HD8 | C39: 15 | D39: Hope Drive | E39: Sherwin | F39: Stuart | J39: 1 | N39: 1 | Q39: 11 | S39: 1 | X39: school | AB39: 1 | AC39: 1
A40: HD8 | C40: 15 | D40: Hope Drive | E40: Sherwin | F40: Jack | J40: 1 | N40: 1 | Q40: 9 | X40: school | AC40: 1
A41: HD8 | C41: 15 | D41: Hope Drive | E41: Stokes | F41: Emma | G41: 1 | P41: 1 | Q41: 21 | S41: 1 | X41: Domestic | Z41: 1 | AD41: Staffs
A42: HD9 | C42: 17 | D42: Hope Drive | E42: Collins | F42: Frank William | H42: 1 | K42: 1 | Q42: 44 | S42: 1 | X42: manu hosiery | Z42: 1 | AA42: 1 | AD42: london
A43: HD9 | C43: 17 | D43: Hope Drive | E43: Collins | F43: Edith Jane | G43: 1 | O43: Sister | Q43: 46 | S43: 1 | X43: assist house ? | Z43: 1 | AD43: london
A44: HD9 | C44: 17 | D44: Hope Drive | E44: Collins | F44: Jane | G44: 1 | O44: Mother | Q44: 74 | T44: 1 | X44: Mech Eng | Y44: Motor garage | Z44: 1 | AB44: 1 | AD44: london
A45: HD10 | C45: 19 | D45: Hope Drive | E45: Sansom | F45: Joseph | H45: 1 | K45: 1 | Q45: 52 | R45: 1 | X45: Telephone hand | Y45: finisher | Z45: 1 | AC45: 1
A46: HD10 | C46: 19 | D46: Hope Drive | E46: Sansom | F46: Catherine | G46: 1 | L46: 1 | Q46: 53 | R46: 1 | U46: 33 | V46: 11 | W46: 9 | X46: French polisher | Y46: telephone workes | Z46: 1 | AB46: 1 | AC46: 1
A47: HD10 | C47: 19 | D47: Hope Drive | E47: Sansom | F47: Ada | G47: 1 | M47: 1 | Q47: 24 | S47: 1 | X47: Motor driver | Y47: motor carriage works | Z47: 1 | AB47: 1 | AC47: 1
A48: HD10 | C48: 19 | D48: Hope Drive | E48: Sansom | F48: Pinnie | G48: 1 | M48: 1 | Q48: 23 | S48: 1 | X48: Machinist | Y48: blouse making | Z48: 1 | AB48: 1 | AC48: 1
A49: HD10 | C49: 19 | D49: Hope Drive | E49: Sansom | F49: Harold | H49: 1 | N49: 1 | Q49: 21 | S49: 1 | X49: Errand girl | Y49: Brewers Bottlers | Z49: 1 | AB49: 1 | AC49: 1
A50: HD10 | C50: 19 | D50: Hope Drive | E50: Sansom | F50: Kate | G50: 1 | M50: 1 | Q50: 17 | S50: 1 | X50: School | AC50: 1
A51: HD10 | C51: 19 | D51: Hope Drive | E51: Sansom | F51: May | G51: 1 | M51: 1 | Q51: 14 | X51: school | AC51: 1
A52: HD10 | C52: 19 | D52: Hope Drive | E52: Sansom | F52: Joseph | J52: 1 | N52: 1 | Q52: 12 | AC52: 1
A53: HD10 | C53: 19 | D53: Hope Drive | E53: Sansom | F53: Ivy | I53: 1 | M53: 1 | Q53: 9 | AC53: 1
A54: HD10 | C54: 19 | D54: Hope Drive | E54: Sansom | F54: Catherine | I54: 1 | O54: grandchild | Q54: 2 | AC54: 1
A55: HD11 | C55: 21 | D55: Hope Drive | E55: Buxton | F55: Roper | H55: 1 | K55: 1 | Q55: 53 | R55: 1 | X55: Carpentry traveller | Y55: Carpentry | Z55: 1 | AB55: 1 | AC55: 1
A56: HD11 | C56: 21 | D56: Hope Drive | E56: Buxton | F56: Ann | G56: 1 | L56: 1 | Q56: 50 | R56: 1 | U56: 24 | V56: 3 | W56: 3 | AD56: Staffs
A57: HD11 | C57: 21 | D57: Hope Drive | E57: Buxton | F57: Drayton Arthur | H57: 1 | N57: 1 | Q57: 19 | S57: 1 | X57: Commercial Traveller | Z57: 1 | AB57: 1 | AC57: 1
A58: HD11 | C58: 21 | D58: Hope Drive | E58: Buxton | F58: Leslie Frank R | J58: 1 | N58: 1 | Q58: 13 | X58: School boy | AC58: 1
A59: HD11 | C59: 21 | D59: Hope Drive | E59: Rennacher | F59: George | H59: 1 | O59: boarder | Q59: 21 | S59: 1 | X59: Merchant | Y59: Lace maker finisher | Z59: 1 | AB59: 1 | AD59: Austria
A60: HD11 | C60: 21 | D60: Hope Drive | E60: Fraser | F60: Ester Victoria | G60: 1 | P60: 1 | Q60: 23 | S60: 1 | X60: Servant | Y60: Domestic | Z60: 1 | AB60: 1 | AD60: Lincs
A61: HD12 | C61: 23 | D61: Hope Drive | E61: Hardstaff | F61: Bernard | H61: 1 | K61: 1 | Q61: 39 | R61: 1 | AC61: 1
A62: HD12 | C62: 23 | D62: Hope Drive | E62: Hardstaff | F62: Florence Beatrice | G62: 1 | L62: 1 | Q62: 28 | R62: 1 | U62: 3 | V62: 2 | W62: 2 | X62: Commercial traveller | Y62: Furnishings | Z62: 1 | AB62: 1 | AC62: 1
A63: HD12 | C63: 23 | D63: Hope Drive | E63: Hardstaff | F63: Louisa Marjorie | I63: 1 | M63: 1 | Q63: 3 | AC63: 1
A64: HD12 | C64: 23 | D64: Hope Drive | E64: Hardstaff | F64: Florence Betty | I64: 1 | M64: 1 | Q64: 1 month | AC64: 1
A65: HD12 | C65: 23 | D65: Hope Drive | E65: Bayro | F65: Elizabeth | G65: 1 | P65: 1 | Q65: 44 | S65: 1 | X65: Maternity Nurse | Z65: 1 | AB65: 1 | AD65: Salop
A66: HD12 | C66: 23 | D66: Hope Drive | E66: Goodman | F66: Emily | G66: 1 | P66: 1 | Q66: 20 | S66: 1 | X66: General servant | Z66: 1 | AB66: 1 | AD66: Leeds
A67: HD13 | C67: 26 | D67: Hope Drive | E67: Messom | F67: Louisa | G67: 1 | K67: 1 | Q67: 67 | T67: 1 | U67: 45 | V67: 3 | W67: 3 | X67: Independent means | AC67: 1
A68: HD13 | C68: 26 | D68: Hope Drive | E68: Messom | F68: Louisa Adelaide | G68: 1 | M68: 1 | Q68: 44 | S68: 1 | X68: Independent means | AC68: 1
A69: HD13 | C69: 26 | D69: Hope Drive | E69: Messom | F69: John Frederick Mason | H69: 1 | N69: 1 | Q69: 42 | R69: 1 | U69: 11 | X69: Builder | Z69: 1 | AA69: 1 | AC69: 1
A70: HD14 | C70: 24 | D70: Hope Drive | E70: Lighting | F70: Elizabeth | G70: 1 | K70: 1 | Q70: 73 | T70: 1 | U70: 51 | V70: 9 | W70: 6 | AD70: Norfolk
A71: HD14 | C71: 24 | D71: Hope Drive | E71: Lighting | F71: Edgar | H71: 1 | N71: 1 | Q71: 39 | S71: 1 | X71: No occupation | AC71: 1
A72: HD14 | C72: 24 | D72: Hope Drive | E72: Lighting | F72: Minnie | G72: 1 | M72: 1 | Q72: 33 | S72: 1 | AC72: 1
A73: HD14 | C73: 24 | D73: Hope Drive | E73: Lighting | F73: May | G73: 1 | M73: 1 | Q73: 31 | S73: 1 | AC73: 1
A74: HD14 | C74: 24 | D74: Hope Drive | E74: Page | F74: Algernon Fontain | H74: 1 | O74: visitor | Q74: 37 | S74: 1 | X74: Surgeon | Z74: 1 | AD74: Norfolk
A75: HD15 | C75: 20 | D75: Hope Drive | E75: Cooper | F75: Henry Francs | H75: 1 | K75: 1 | Q75: 51 | S75: 1 | X75: Bank inspector of branches | Y75: Notts Bank | Z75: 1 | AB75: 1 | AD75: Lincs
A76: HD15 | C76: 20 | D76: Hope Drive | E76: Cooper | F76: Margaret Mand Marion | G76: 1 | O76: sister | Q76: 47 | S76: 1 | AD76: Lincs
A77: HD15 | C77: 20 | D77: Hope Drive | E77: Taylor | F77: Asley | G77: 1 | P77: 1 | Q77: 32 | S77: 1 | X77: General servant | Z77: 1 | AD77: Lincs
A78: HD16 | C78: 18 | D78: Hope Drive | E78: Smith | F78: Frederick Chapman | H78: 1 | K78: 1 | Q78: 49 | R78: 1 | X78: Law clerk | Z78: 1 | AB78: 1 | AD78: London
A79: HD16 | C79: 18 | D79: Hope Drive | E79: Smith | F79: Emily Mary | G79: 1 | L79: 1 | Q79: 39 | R79: 1 | U79: 10 | AD79: Rutland
A80: HD16 | C80: 18 | D80: Hope Drive | E80: Hewitt | F80: Annie Francis | G80: 1 | P80: 1 | Q80: 25 | S80: 1 | X80: domestic servant | Z80: 1 | AB80: 1 | AC80: 1
A81: HD17 | C81: 14 | D81: Hope Drive | E81: Baldock | F81: Arthur Henry | H81: 1 | K81: 1 | Q81: 50 | T81: 1 | X81: Lace warehouseman | Y81: Fancynet dept | Z81: 1 | AB81: 1 | AC81: 1
A82: HD17 | C82: 14 | D82: Hope Drive | E82: Baldock | F82: Sydney Arthur | H82: 1 | N82: 1 | Q82: 24 | S82: 1 | X82: Lace warehouseman | Y82: Veiling dept | Z82: 1 | AB82: 1 | AC82: 1
A83: HD17 | C83: 14 | D83: Hope Drive | E83: Baldock | F83: Dora Hilda | G83: 1 | M83: 1 | Q83: 23 | S83: 1 | X83: no occupation | AC83: 1
A84: HD17 | C84: 14 | D84: Hope Drive | E84: Baldock | F84: Clara Maria | G84: 1 | M84: 1 | Q84: 28 | S84: 1 | X84: Milliner | Z84: 1 | AB84: 1 | AC84: 1
A85: HD17 | C85: 14 | D85: Hope Drive | E85: Baldock | F85: Gladys Mary Phillis | G85: 1 | M85: 1 | Q85: 17 | S85: 1 | X85: No occupation | AC85: 1
A86: HD17 | C86: 14 | D86: Hope Drive | E86: Baldock | F86: Margerike Annie | I86: 1 | M86: 1 | Q86: 14 | X86: school | AC86: 1
A87: HD17 | C87: 14 | D87: Hope Drive | E87: Baldock | F87: Grace Elizabeth | I87: 1 | M87: 1 | Q87: 11 | X87: school | AC87: 1
A88: HD18 | C88: 12 | D88: Hope Drive | E88: Hickson | F88: Walter Owen | H88: 1 | K88: 1 | Q88: 47 | S88: 1 | X88: Architect/ surveyor | Z88: 1 | AA88: 1 | AD88: Leics
A89: HD18 | C89: 12 | D89: Hope Drive | E89: Hibbert | F89: Ada Mary | G89: 1 | P89: 1 | Q89: 40 | T89: 1 | U89: 12 | X89: Housekeeper | Z89: 1 | AB89: 1 | AC89: 1
A90: HD19 | C90: 8 | D90: Hope Drive | E90: Rawson | F90: Frank | H90: 1 | K90: 1 | Q90: 40 | R90: 1 | X90: Hosier | Y90: Hosiery manu | Z90: 1 | AC90: 1
A91: HD19 | C91: 8 | D91: Hope Drive | E91: Rawson | F91: Annie | G91: 1 | L91: 1 | Q91: 36 | R91: 1 | U91: 10 | V91: 1 | W91: 1 | AC91: 1
A92: HD19 | C92: 8 | D92: Hope Drive | E92: Wright | F92: Elizabeth | G92: 1 | O92: Boarder | Q92: 61 | S92: 1 | X92: Shop Assist | Y92: Ladies outfitting | Z92: 1 | AD92: Warks
A93: HD19 | C93: 8 | D93: Hope Drive | E93: Parnham | F93: Polly | G93: 1 | P93: 1 | Q93: 16 | S93: 1 | X93: Domestic servant | Z93: 1 | AC93: 1
A94: HD19 | C94: 8 | D94: Hope Drive | E94: Itter | F94: William Robert | H94: 1 | K94: 1 | Q94: 52 | R94: 1 | X94: Ladies Blouse Manuf | Z94: 1 | AA94: 1 | AD94: London | AF94: 7
A95: HD19 | C95: 8 | D95: Hope Drive | E95: Itter | F95: Annie Jane | G95: 1 | L95: 1 | Q95: 47 | R95: 1 | U95: 23 | V95: 3 | W95: 2 | AD95: Kent
A96: HD19 | C96: 8 | D96: Hope Drive | E96: Itter | F96: Roland Russell | J96: 1 | N96: 1 | Q96: 9 | X96: school | AD96: London
A97: HD20 | C97: 2 | D97: Hope Drive | E97: Muller | F97: Frederic Blaise | H97: 1 | K97: 1 | Q97: 37 | R97: 1 | X97: Clerk in Holy orders | Y97: Eskef Church? | Z97: 1 | AC97: 1
A98: HD20 | C98: 2 | D98: Hope Drive | E98: Muller | F98: Evelyn Annie | G98: 1 | L98: 1 | Q98: 32 | R98: 1 | U98: 3 | V98: 1 | W98: 1 | AD98: Germany | AE98: two dots above u in Muller | AF98: 8
A99: HD20 | C99: 2 | D99: Hope Drive | E99: Muller | F99: Evelyn Aylis | I99: 1 | M99: 1 | Q99: 1 | AD99: Oxford
A100: HD20 | C100: 2 | D100: Hope Drive | E100: Muller | F100: Alice Elizabeth | G100: 1 | O100: Mother | Q100: 57 | T100: 1 | AD100: Cambs
...

Sheet comparison
A1: ID | B1: Houses | C1: NO. | D1: Address | E1: Family | F1: LastNames # | G1: W/M/G/B | K1: Relationship to Head of family | Q1: Age | R1: Married/Single/Widow er | U1: Married yrs (some Women only) | V1: Children born (some Women only) | W1: Children living (some Women only) | X1: Personal Occupation | Y1: Industry | Z1: Economic participants | AA1: Employer/worker | AC1: Birthplace
G2: W | H2: M | I2: G | J2: B | K2: HEAD women | L2: WIFE | M2: daughter | N2: son | O2: Other | P2: Servant | R2: M | S2: S | T2: W | X2: See separate table | Y2: See separate table | AA2: Employer | AB2: Worker | AC2: Nottinghamshire | AD2: Other | AE2: check
A3: BL | B3: ='BL'!C21 -> 4 | D3: Barrack Lane | E3: ='BL'!E21 -> 6 | F3: ='BL'!F21 -> 18 | G3: 9 | H3: 7 | I3: 2 | J3: 0 | K3: 4 | L3: 3 | M3: 6 | N3: 2 | O3: 3 | P3: 0 | Q3: 669 | R3: 8 | S3: 7 | T3: 1 | U3: 96 | V3: 12 | W3: 11 | Z3: =AA3+AB3 -> 12 | AA3: 0 | AB3: 12 | AC3: 15 | AD3: 3 | AE3: =AC3+AD3 -> 18
A4: PC | B4: ='PC'!B66 -> 13 | D4: Pelham Cres | E4: ='PC'!E66 -> 42 | F4: ='PC'!G67 -> 62 | G4: 49 | H4: 11 | I4: 2 | J4: 0 | K4: 13 | L4: 5 | M4: 10 | N4: 2 | O4: 6 | P4: 27 | Q4: 2532 | R4: 11 | S4: 37 | T4: 12 | U4: 216 | V4: 29 | W4: 25 | Z4: =AA4+AB4 -> 36 | AA4: 8 | AB4: 28 | AC4: 29 | AD4: 33 | AE4: =AC4+AD4 -> 62
A5: WT | B5: 4 | D5: Western Terr | E5: ='WesternTerrace'!E31 -> 17 | F5: ='WesternTerrace'!F31 -> 28 | G5: 19 | H5: 9 | I5: 0 | J5: 0 | K5: 4 | L5: 2 | M5: 3 | N5: 5 | O5: 1 | P5: 13 | Q5: 1032 | R5: 4 | S5: 23 | T5: 1 | U5: 71 | V5: 6 | W5: 5 | Z5: 0 | AA5: 6 | AB5: 17 | AC5: 19 | AD5: 9 | AE5: =AC5+AD5 -> 28
A6: NR | B6: 2 | D6: North Rd | E6: ='North Rd'!E13 -> 5 | F6: ='North Rd'!F13 -> 10 | G6: 5 | H6: 5 | I6: 0 | J6: 0 | K6: 2 | L6: 2 | M6: 0 | N6: 2 | O6: 1 | P6: 3 | Q6: 312 | R6: 4 | S6: 4 | T6: 0 | U6: 15 | V6: 2 | W6: 2 | X6: 0 | Y6: 0 | Z6: =AA6+AB6 -> 6 | AA6: 2 | AB6: 4 | AC6: 7 | AD6: 3 | AE6: =AC6+AD6 -> 10
A7: LC | B7: 2 | D7: Lincoln Circus | E7: ='Lincoln Circus'!E13 -> 4 | F7: ='Lincoln Circus'!F13 -> 10 | G7: 5 | H7: 5 | I7: 0 | J7: 0 | K7: 1 | L7: 1 | M7: 1 | N7: 4 | O7: 0 | P7: 3 | Q7: 301 | R7: 2 | S7: 8 | T7: 0 | U7: 25 | V7: 5 | W7: 5 | X7: 0 | Y7: 0 | Z7: 9 | AA7: 0 | AB7: 9 | AC7: 6 | AD7: 4 | AE7: =AC7+AD7 -> 10
A8: NC | B8: ='newcastlecircus'!B28 -> 4 | D8: Newcastle Circtus | E8: 22 | F8: 25 | G8: 20 | H8: 5 | I8: 0 | J8: 0 | K8: 4 | L8: 1 | M8: 0 | N8: 0 | O8: 3 | P8: 16 | Q8: 881 | R8: 4 | S8: 15 | T8: 2 | U8: 15 | V8: 1 | W8: 1 | X8: 0 | Y8: 0 | Z8: 1 | AA8: 3 | AB8: 18 | AC8: 12 | AD8: 13 | AE8: =AC8+AD8 -> 25
A9: PD | B9: 4 | D9: Park Drive | E9: 14 | F9: 19 | G9: 13 | H9: 5 | I9: 1 | J9: 0 | K9: 4 | L9: 2 | M9: 2 | N9: 1 | O9: 0 | P9: 10 | Q9: 679 | R9: 5 | S9: 13 | T9: 1 | U9: 60 | V9: 4 | W9: 3 | X9: 0 | Y9: 0 | Z9: 14 | AA9: 4 | AB9: 10 | AC9: 8 | AD9: 11 | AE9: =AC9+AD9 -> 19
A10: PeD | B10: 11 | D10: Peveril Drive | E10: 25 | F10: 51 | G10: 30 | H10: 12 | I10: 5 | J10: 4 | K10: 11 | L10: 8 | M10: 8 | N10: 9 | O10: 1 | P10: 14 | Q10: 1464 | R10: 16 | S10: 23 | T10: 2 | U10: 106 | V10: 26 | W10: 22 | X10: 0 | Y10: 0 | Z10: 18 | AA10: 7 | AB10: 13 | AC10: 27 | AD10: 24 | AE10: =AC10+AD10 -> 51
A11: LA | B11: 24 | D11: Lenton Ave | E11: ='lentonave-dan'!G125 -> 59 | F11: 120 | G11: 69 | H11: 34 | I11: 9 | J11: 8 | K11: 22 | L11: 14 | M11: 28 | N11: 16 | O11: 6 | P11: 35 | Q11: 3745.5 | R11: 28 | S11: 86 | T11: 6 | U11: 287 | Z11: 76 | AA11: 12 | AB11: 57 | AC11: 74 | AD11: 46 | AE11: =AC11+AD11 -> 120
A12: CRW | B12: 17 | D12: Clumber Rd W | E12: 9 | F12: 15 | G12: 11 | H12: 4 | I12: 0 | J12: 0 | K12: 3 | L12: 1 | M12: 1 | N12: 0 | P12: 8 | Q12: 682 | R12: 2 | S12: 12 | T12: 1 | U12: 16 | Z12: 12 | AA12: 4 | AB12: 8 | AC12: 8 | AD12: 7 | AE12: =AC12+AD12 -> 15
A13: MR | B13: 2 | D13: Maxtoke Rd | E13: 9 | F13: 15 | G13: 9 | H13: 1 | I13: 4 | J13: 1 | K13: 2 | L13: 1 | M13: 4 | N13: 1 | O13: 1 | P13: 6 | Q13: 358.4 | R13: 2 | S13: 12 | T13: 1 | U13: 0 | Z13: 8 | AA13: 1 | AB13: 7 | AC13: 10 | AD13: 5 | AE13: =AC13+AD13 -> 15
A14: CCS | B14: 4 | D14: Clumber Cres S | E14: 19 | F14: 31 | G14: 24 | H14: 7 | I14: 0 | J14: 0 | K14: 4 | L14: 3 | M14: 7 | N14: 1 | O14: 3 | P14: 13 | Q14: 1225 | R14: 9 | S14: 21 | T14: 1 | U14: 135 | Z14: 17 | AA14: 4 | AB14: 13 | AC14: 16 | AD14: 15 | AE14: =AC14+AD14 -> 31
A15: CCN | B15: 8 | D15: Cavendish Cres N | E15: 38 | F15: 54 | G15: 33 | H15: 12 | I15: 6 | J15: 3 | K15: 6 | L15: 5 | M15: 5 | N15: 6 | O15: 2 | P15: 30 | Q15: 1529 | R15: 10 | S15: 35 | T15: 2 | U15: 41 | V15: 8 | W15: 8 | X15: 0 | Y15: 0 | Z15: 41 | AA15: 7 | AB15: 5 | AC15: 27 | AD15: 27 | AE15: =AC15+AD15 -> 54
A16: SR | B16: 6 | D16: South Rd | E16: 23 | F16: 35 | G16: 25 | H16: 10 | I16: 0 | J16: 0 | K16: 5 | L16: 4 | M16: 5 | N16: 5 | O16: 1 | P16: 16 | Q16: 1416 | R16: 7 | S16: 21 | T16: 3 | U16: 129 | V16: 8 | W16: 8 | X16: 0 | Y16: 0 | Z16: 24 | AA16: 4 | AB16: 3 | AC16: 11 | AD16: 24 | AE16: =AC16+AD16 -> 35
A17: CaCs | B17: 11 | D17: Cavendish Cres S | E17: 36 | F17: 55 | G17: 44 | H17: 9 | I17: 2 | J17: 0 | K17: 9 | L17: 4 | M17: 5 | N17: 3 | O17: 11 | P17: 23 | Q17: 2047 | R17: 8 | S17: 38 | T17: 1 | U17: 77 | V17: 21 | W17: 19 | X17: 0 | Y17: 0 | Z17: 26 | AA17: 5 | AB17: 4 | AC17: 28 | AD17: 27 | AE17: =AC17+AD17 -> 55
A18: HC | B18: 3 | D18: Holles Cres | E18: 9 | F18: 14 | G18: 10 | H18: 2 | I18: 1 | J18: 1 | K18: 3 | L18: 1 | M18: 2 | N18: 0 | O18: 3 | P18: 5 | Q18: 390 | R18: 3 | S18: 9 | T18: 2 | U18: 3 | V18: 2 | W18: 2 | Y18: 0 | Z18: 8 | AA18: 2 | AB18: 0 | AC18: 6 | AD18: 8 | AE18: =AC18+AD18 -> 14
A19: LR | B19: 24 | D19: Lenton Rd | E19: 80 | F19: 130 | G19: 92 | H19: 27 | I19: 5 | J19: 6 | K19: 22 | L19: 14 | M19: 22 | N19: 13 | O19: 6 | P19: 53 | Q19: 4730 | R19: 28 | S19: 87 | T19: 4 | U19: 403 | V19: 53 | W19: 45 | X19: 0 | Y19: 0 | Z19: 74 | AA19: 18 | AB19: 14 | AC19: 66 | AD19: 64 | AE19: =AC19+AD19 -> 130
A20: HW | B20: 1 | D20: Hermitage Walk | E20: 2 | F20: 3 | G20: 2 | H20: 1 | I20: 0 | J20: 0 | K20: 0 | L20: 0 | M20: 1 | N20: 0 | O20: 0 | P20: 2 | Q20: 158 | R20: 2 | S20: 1 | T20: 0 | U20: 15 | V20: 0 | W20: 0 | X20: 0 | Y20: 0 | Z20: 2 | AA20: 0 | AB20: 0 | AC20: 1 | AD20: 2 | AE20: =AC20+AD20 -> 3
A21: KR | B21: 4 | D21: kenilworth rd | E21: 10 | F21: 27 | G21: 17 | H21: 4 | I21: 4 | J21: 2 | K21: 4 | L21: 4 | M21: 10 | N21: 2 | O21: 0 | P21: 7 | Q21: 788 | R21: 8 | S21: 13 | T21: 0 | U21: 88 | V21: 15 | W21: 14 | X21: 0 | Y21: 0 | Z21: 11 | AA21: 4 | AB21: 0 | AC21: 9 | AD21: 18 | AE21: =AC21+AD21 -> 27
A22: FD | B22: 4 | D22: Fishpond Drive | E22: 9 | F22: 19 | G22: 8 | H22: 5 | I22: 3 | J22: 3 | K22: 4 | L22: 2 | M22: 4 | N22: 2 | O22: 5 | P22: 2 | Q22: 559 | R22: 5 | S22: 11 | T22: 3 | U22: 71 | V22: 20 | W22: 15 | X22: 0 | Y22: 0 | Z22: 8 | AA22: 2 | AB22: 3 | AC22: 7 | AD22: 12 | AE22: =AC22+AD22 -> 19 | AZ22: TOTAL | BA22: 4 | BD22: 9 | BE22: 19 | BF22: 8 | BG22: 5 | BH22: 3 | BI22: 3 | BJ22: 4 | BK22: 2 | BL22: 4 | BM22: 2 | BN22: 5 | BO22: 2 | BP22: 559 | BQ22: 5
A23: HD | B23: 20 | D23: Hope Drive | E23: 42 | F23: 100 | G23: 53 | H23: 32 | I23: 8 | J23: 7 | K23: 21 | L23: 11 | M23: 23 | N23: 18 | O23: 15 | P23: 12 | Q23: 3339 | R23: 25 | S23: 49 | T23: 11 | U23: 321 | V23: 48 | W23: 40 | X23: 0 | Y23: 0 | Z23: 55 | AA23: 7 | AB23: 37 | AC23: 62 | AD23: 38 | AE23: =AC23+AD23 -> 100 | AZ23: TOTAL | BB23: 20 | BC23: Hope Drive | BD23: 42 | BE23: 100 | BF23: 53 | BG23: 32 | BH23: 8 | BI23: 7 | BJ23: 21 | BK23: 11 | BL23: 23 | BM23: 18 | BN23: 15 | BO23: 12 | BP23: 3339 | BQ23: 25
A24: TOTAL | B24: =SUM(B3:B22) -> 152 | C24: =SUM(C3:C22) -> 0 | D24: =SUM(D3:D22) -> 0 | E24: =SUM(E1:E23) -> 480 | F24: =SUM(F1:F23) -> 841 | G24: =SUM(G1:G23) -> 547 | H24: =SUM(H1:H23) -> 207 | I24: =SUM(I1:I23) -> 52 | J24: =SUM(J1:J23) -> 35 | K24: =SUM(K1:K23) -> 148 | L24: =SUM(L1:L23) -> 88 | ... AE24: =SUM(AE1:AE23) -> 841
F25: =G24+H24+I24+J24 -> 841 | G25: =G24/F24 -> 0.65041617 | K25: =K24+L24+M24+N24+O24+P24 -> 841 | P25: =P24/F24 -> 0.35434007 | Z25: =Z24/F24 -> 0.54458977 | AC25: =AC24+AD24 -> 841
Q26: =Q24/F24 -> 34.288823

Sheet Personaloccupation
A1: Street/Occupation | B1: TOTAL OCCS (NOT SERVANTS) | C1: Accountant - book keeper, stockbroker | D1: Architect - surveyor | E1: Agent - colliery, estate, commission, real estate, property broker, assist | F1: Antiquary | G1: Apprentice student governess, engineer | H1: Artist | I1: Auctioneer | J1: Bank mgr, clerk, cashier, inspector | K1: Bricklayer - builder | L1: Coachman - groom | M1: Driver - motor | O1: Cabinet maker | P1: chemist | Q1: Clergy - clerk in holy orders | R1: Clerk - fancy gds, laturnery, estate agents, office boy, retail , errand girl, law, shop assist, showroom assist | S1: Companion - ladies | T1: Dental Surgeon | U1: Director- public co | V1: Domestic help (other than servant) - housekeeper, butler | W1: Draper, dressmaker | X1: farmer | Y1: Foreman - cartons | Z1: French polisher | AA1: horse depository foreman | AB1: Engineer, iron founder engineer boiler maker, civil, mining, automobile, consulting, mech | AC1: Fitter | AD1: furnisher -colliery & mill | AE1: Furrier | AF1: Gardener, yardman, caretaker | AG1: Haulier - commercial | AH1: Hop Bilter | AI1: Lacehand drawer finisher, Plain Net Mender, lace finisher, lace curtain folder, bleacher | AJ1: Machinist - sewing, blouse | AK1: Manufacturer - blouse, blousehand, lace, agent, blouse , hosiery, assist, wicker, cotton, sports, cricket bat maker | AL1: Medical - surgeon | AM1: Mechanic | AN1: Merchant - lace, shipping, corn, cigar, engineer | AO1: Manager - brewery, | AP1: Milliner | AQ1: Military | AR1: Nurse | AS1: Park-Keeper | AT1: Police | AU1: Printer, newspaper prop. | AV1: Stock assist | AW1: Surveyor - assist | AX1: clothier, clothier assist, tailor, Seamstress, dressmaker, suit fitter | AY1: Solicitor, articled clerk | AZ1: Telephone hand | BA1: Teacher- instructress, head teacher, assistant teacher | BB1: Secretary - Typist | BC1: Traveller - commercial, carpentry | BD1: Valuer | BE1: Warehouse - lace | BF1: Warper | BG1: SUBTOTAL
A2: BL | B2: ='BL'!Z21-'BL'!P21 -> 12 | L2: 1 | U2: 1 | V2: 1 | AC2: 1 | AF2: 1 | AI2: 1 | AJ2: 1 | AK2: 1 | AN2: 1 | AX2: 1 | BB2: 1 | BF2: 1 | BG2: =SUM(C2:BF2) -> 12
A3: PC | B3: ='PC'!Z66-'PC'!P66 -> 12 | C3: 2 | L3: 1 | P3: 1 | U3: 1 | AK3: 3 | AN3: 4 | BG3: =SUM(C3:BF3) -> 12
A4: WT | B4: ='WesternTerrace'!Z31-'WesternTerrace'!P31 -> 10 | U4: 1 | AB4: 1 | AK4: 4 | AY4: 3 | BA4: 1 | BG4: =SUM(C4:BF4) -> 10
A5: NR | B5: ='North Rd'!Z13-'North Rd'!P13 -> 3 | AO5: 1 | AS5: 1 | BD5: 1 | BG5: =SUM(C5:BF5) -> 3
A6: LC | B6: ='Lincoln Circus'!Z13-'Lincoln Circus'!P13 -> 6 | C6: 1 | G6: 2 | R6: 1 | AF6: 1 | AM6: 1 | BG6: =SUM(C6:BF6) -> 6
A7: NC | B7: ='newcastlecircus'!Z28-'newcastlecircus'!P28 -> 5 | T7: 1 | V7: 1 | AK7: 2 | AQ7: 1 | BG7: =SUM(C7:BF7) -> 5
A8: PD | B8: ='Park Drive'!Z22-'Park Drive'!P22 -> 4 | J8: 1 | AK8: 2 | AN8: 1 | BG8: =SUM(C8:BF8) -> 4
A9: PeD | B9: ='Peveril Drive'!Z54-'Peveril Drive'!P54 -> 13 | S9: 1 | W9: 1 | AB9: 1 | AD9: 1 | AK9: 4 | AO9: 1 | AU9: 1 | AW9: 1 | AX9: 2 | BG9: =SUM(C9:BF9) -> 13
A10: LA | B10: ='lentonave-dan'!AA125-'lentonave-dan'!R125 -> 41 | E10: 3 | F10: 1 | H10: 1 | L10: 3 | R10: 4 | U10: 2 | V10: 3 | AA10: 2 | AB10: 2 | AF10: 1 | AG10: 1 | AH10: 2 | AI10: 2 | AJ10: 2 | AK10: 2 | AN10: 2 | AV10: 1 | AX10: 1 | AY10: 5 | BA10: 1 | BG10: =SUM(C10:BF10) -> 41
A11: CRW | B11: ='Clumber rd W dan'!AA18-'Clumber rd W dan'!R18 -> 5 | AK11: 3 | AX11: 1 | BB11: 1 | BG11: =SUM(C11:BF11) -> 5
A12: MR | B12: ='maxtoke rd dan'!AA18-'maxtoke rd dan'!R18 -> 2 | S12: 1 | AY12: 1 | BG12: =SUM(C12:BF12) -> 2
A13: CCS | B13: ='clumbercress dan'!AA34-'clumbercress dan'!R34 -> 4 | AB13: 2 | AW13: 1 | AY13: 1 | BG13: =SUM(C13:BF13) -> 4
A14: CCN | B14: 9 | U14: 1 | AB14: 1 | AF14: 1 | AK14: 3 | AO14: 1 | AY14: 2 | BG14: =SUM(C14:BF14) -> 9
A15: SR | B15: 8 | D15: 1 | I15: 2 | J15: 2 | U15: 1 | AY15: 2 | BG15: =SUM(C15:BF15) -> 8
A16: CaCS | B16: 14 | I16: 1 | V16: 2 | W16: 1 | AF16: 1 | AK16: 2 | AR16: 1 | AT16: 1 | AY16: 2 | BA16: 3 | BG16: =SUM(C16:BF16) -> 14
A17: HC | B17: ='holles cres p202'!Z17-'holles cres p202'!P17 -> 2 | AE17: 1 | AY17: 1 | BG17: =SUM(C17:BF17) -> 2
A18: LR | B18: ='LentonRd p208'!Z133-'LentonRd p208'!P133 -> 22 | C18: 1 | D18: 3 | E18: 1 | L18: 1 | S18: 1 | U18: 1 | AB18: 1 | AK18: 3 | AN18: 3 | AO18: 1 | AP18: 1 | AU18: 1 | AY18: 2 | BA18: 1 | BB18: 1 | BG18: =SUM(C18:BF18) -> 22
A19: HW | B19: 0 | BG19: =SUM(C19:BF19) -> 0
A20: KR | B20: ='Kenilworthrd p 259'!Z30-'Kenilworthrd p 259'!P30 -> 4 | AK20: 3 | AN20: 1 | BG20: =SUM(C20:BF20) -> 4
A21: FD | B21: ='fishpond drive p 286 418'!Z23-'fishpond drive p 286 418'!P23 -> 6 | E21: 1 | R21: 3 | X21: 1 | AK21: 1 | BG21: =SUM(C21:BF21) -> 6
A22: HD | B22: ='Hope Drive p.376'!Z103-'Hope Drive p.376'!P103 -> 43 | E22: 1 | G22: 1 | J22: 1 | K22: 1 | L22: 1 | M22: 1 | Q22: 1 | R22: 8 | W22: 2 | Y22: 1 | Z22: 1 | AB22: 2 | AI22: 2 | AJ22: 1 | AK22: 6 | AL22: 1 | AN22: 1 | AP22: 1 | AZ22: 1 | BA22: 2 | BC22: 3 | BE22: 2 | BG22: =SUM(C22:BF22) -> 41
A23: TOTAL | B23: =SUM(B2:B22) -> 225 | C23: =SUM(C2:C22) -> 4 | D23: =SUM(D2:D22) -> 4 | E23: =SUM(E2:E22) -> 6 | F23: =SUM(F2:F22) -> 1 | G23: =SUM(G2:G22) -> 3 | H23: =SUM(H2:H22) -> 1 | I23: =SUM(I2:I22) -> 3 | ... Y23: =SUM(Y2:Y22) -> 1 | AA23: =SUM(AA2:AA22) -> 2 | AB23: =SUM(AB2:AB22) -> 10 | AC23: =SUM(AC2:AC22) -> 1 | AD23: =SUM(AD2:AD22) -> 1 | AE23: =SUM(AE2:AE22) -> 1 | AF23: =SUM(AF2:AF22) -> 5 | AG23: =SUM(AG2:AG22) -> 1 | AH23: =SUM(AH2:AH22) -> 2 | ... AK23: =SUM(AK2:AK22) -> 39 | AM23: =SUM(AM2:AM22) -> 1 | AN23: =SUM(AN2:AN22) -> 13 | AO23: =SUM(AO2:AO22) -> 4 | AP23: =SUM(AP2:AP22) -> 2 | AQ23: =SUM(AQ2:AQ22) -> 1 | AR23: =SUM(AR2:AR22) -> 1 | AS23: =SUM(AS2:AS22) -> 1 | AT23: =SUM(AT2:AT22) -> 1 | ... AY23: =SUM(AY2:AY22) -> 19 | BA23: =SUM(BA2:BA22) -> 8 | BB23: =SUM(BB2:BB22) -> 3 | BD23: =SUM(BD2:BD22) -> 1 | BF23: =SUM(BF2:BF22) -> 1 | BG23: =SUM(BG2:BG21) -> 182
B25: total servants | C25: Butler | D25: Coachman | E25: companion - ladies | F25: Cook | G25: General Servant - helper, yardman, caretaker | H25: Governess | I25: Housekeeper | J25: Housemaid - maid, sewing, ladies maid | L25: kitchen maid | M25: nurse - sick, lender, | N25: Parlour, serving maid | O25: subtotal | Q25: Total POP | R25: Children, student | S25: Occupation | T25: Servants | U25: P means | V25: Retired | W25: economic non partic
A26: BL | B26: ='BL'!P21 -> 0 | O26: =SUM(C26:N26) -> 0 | Q26: ='BL'!F21 -> 18 | R26: ='BL'!I21 -> 2 | S26: =BG2 -> 12 | T26: =O26 -> 0 | U26: 0 | V26: 0 | W26: =Q26-R26-S26-T26-U26-V26 -> 4
A27: PC | B27: ='PC'!P66 -> 27 | D27: 1 | F27: 7 | G27: 7 | H27: 1 | I27: 1 | J27: 8 | N27: 2 | O27: =SUM(C27:N27) -> 27 | Q27: ='PC'!G67 -> 62 | R27: ='PC'!I66 -> 2 | S27: =BG3 -> 12 | T27: =O27 -> 27 | U27: 6 | V27: 2 | W27: =Q27-R27-S27-T27-U27-V27 -> 13
A28: WT | B28: ='WesternTerrace'!P31 -> 13 | F28: 3 | G28: 3 | J28: 4 | L28: 1 | M28: 1 | N28: 1 | O28: =SUM(C28:N28) -> 13 | Q28: ='WesternTerrace'!F31 -> 28 | R28: ='WesternTerrace'!I31 -> 0 | S28: =BG4 -> 10 | T28: =O28 -> 13 | U28: 1 | V28: 0 | W28: =Q28-R28-S28-T28-U28-V28 -> 4
A29: NR | B29: ='North Rd'!P13 -> 3 | F29: 1 | J29: 1 | N29: 1 | O29: =SUM(C29:N29) -> 3 | Q29: ='North Rd'!G14 -> 10 | R29: ='North Rd'!I13 -> 0 | S29: =BG5 -> 3 | T29: =O29 -> 3 | W29: =Q29-R29-S29-T29-U29-V29 -> 4
A30: LC | B30: ='Lincoln Circus'!P13 -> 3 | F30: 1 | J30: 1 | N30: 1 | O30: =SUM(C30:N30) -> 3 | Q30: ='Lincoln Circus'!F13 -> 10 | R30: ='Lincoln Circus'!I13+'Lincoln Circus'!J13 -> 0 | S30: =BG6 -> 6 | T30: =B30 -> 3 | W30: =Q30-R30-S30-T30-U30-V30 -> 1
A31: NC | B31: ='newcastlecircus'!P28 -> 16 | F31: 2 | G31: 6 | H31: 1 | J31: 4 | L31: 1 | N31: 2 | O31: =SUM(C31:N31) -> 16 | Q31: ='newcastlecircus'!F28 -> 25 | R31: ='newcastlecircus'!I28+'newcastlecircus'!J28 -> 0 | S31: =B7 -> 5 | T31: ='newcastlecircus'!P28 -> 16 | U31: 1 | W31: =Q31-R31-S31-T31-U31-V31 -> 3
A32: PD | B32: ='Park Drive'!P22 -> 10 | F32: 2 | G32: 4 | J32: 2 | L32: 1 | N32: 1 | O32: =SUM(C32:N32) -> 10 | Q32: ='Park Drive'!F22 -> 19 | R32: ='newcastlecircus'!I28+'newcastlecircus'!J28 -> 0 | S32: =B8 -> 4 | T32: =B32 -> 10 | W32: =Q32-R32-S32-T32-U32-V32 -> 5
A33: PeD | B33: 14 | F33: 3 | G33: 7 | J33: 3 | M33: 1 | O33: =SUM(C33:N33) -> 14 | Q33: ='Peveril Drive'!F54 -> 51 | R33: ='Peveril Drive'!I54+'Peveril Drive'!J54 -> 9 | S33: =B9 -> 13 | T33: =B33 -> 14 | U33: 1 | W33: =Q33-R33-S33-T33-U33-V33 -> 14
A34: LA | B34: ='lentonave-dan'!R125 -> 35 | D34: 0 | E34: 1 | F34: 10 | G34: 9 | I34: 0 | J34: 11 | M34: 2 | N34: 2 | O34: =SUM(C34:N34) -> 35 | Q34: ='lentonave-dan'!H125 -> 120 | R34: ='lentonave-dan'!K125+'lentonave-dan'!L125 -> 17 | S34: =B10 -> 41 | T34: =B34 -> 35 | U34: 3 | W34: =Q34-R34-S34-T34-U34-V34 -> 24
A35: CRW | B35: ='Clumber rd W dan'!R18 -> 8 | F35: 2 | G35: 2 | I35: 1 | J35: 2 | N35: 1 | O35: =SUM(C35:N35) -> 8 | Q35: ='Clumber rd W dan'!H18 -> 15 | R35: ='Clumber rd W dan'!K18+'Clumber rd W dan'!L18 -> 0 | S35: =B11 -> 5 | T35: =B35 -> 8 | W35: =Q35-R35-S35-T35-U35-V35 -> 2
A36: MR | B36: ='maxtoke rd dan'!R18 -> 6 | F36: 1 | G36: 2 | J36: 1 | M36: 2 | O36: =SUM(C36:N36) -> 6 | Q36: ='maxtoke rd dan'!H18 -> 15 | R36: ='maxtoke rd dan'!K18+'maxtoke rd dan'!L18 -> 5 | S36: =B12 -> 2 | T36: =O36 -> 6 | W36: =Q36-R36-S36-T36-U36-V36 -> 2
A37: CCS | B37: ='clumbercress dan'!R34 -> 13 | C37: 1 | F37: 6 | G37: 3 | J37: 2 | N37: 1 | O37: =SUM(C37:N37) -> 13 | Q37: ='clumbercress dan'!H34 -> 31 | R37: ='clumbercress dan'!K34+'clumbercress dan'!L34 -> 0 | S37: =B13 -> 4 | T37: =B37 -> 13 | V37: 2 | W37: =Q37-R37-S37-T37-U37-V37 -> 12
A38: CCN | B38: ='Cav cresn'!P57 -> 30 | F38: 7 | G38: 5 | H38: 1 | I38: 1 | J38: 8 | L38: 2 | M38: 4 | N38: 2 | O38: =SUM(C38:N38) -> 30 | Q38: ='Cav cresn'!F88 -> 54 | R38: ='Cav cresn'!I88+'Cav cresn'!J88 -> 9 | S38: 9 | T38: ='Cav cresn'!P88 -> 30 | U38: 0 | V38: 1 | W38: =Q38-R38-S38-T38-U38-V38 -> 5
A39: SR | B39: ='southrd p 168'!P38 -> 16 | F39: 3 | G39: 8 | I39: 1 | J39: 1 | L39: 1 | M39: 1 | N39: 1 | O39: =SUM(C39:N39) -> 16 | Q39: ='southrd p 168'!F38 -> 35 | R39: 2 | S39: 8 | T39: =O39 -> 16 | V39: 1 | W39: =Q39-R39-S39-T39-U39-V39 -> 8
A40: CaCS | B40: ='Cavendish Cres S p182'!P58 -> 23 | F40: 9 | G40: 4 | J40: 9 | N40: 1 | O40: =SUM(C40:N40) -> 23 | Q40: ='Cavendish Cres S p182'!F58 -> 55 | R40: 2 | S40: =B16 -> 14 | T40: ='Cavendish Cres S p182'!P58 -> 23 | U40: 5 | V40: 1 | W40: =Q40-R40-S40-T40-U40-V40 -> 10
A41: HC | B41: ='holles cres p202'!P17 -> 5 | E41: 1 | G41: 3 | M41: 1 | O41: =SUM(C41:N41) -> 5 | Q41: ='holles cres p202'!F17 -> 14 | R41: ='holles cres p202'!I17+'holles cres p202'!J17 -> 2 | S41: =BG17 -> 2 | T41: =B41 -> 5 | U41: 1 | W41: =Q41-R41-S41-T41-U41-V41 -> 4
A42: LR | B42: ='LentonRd p208'!P133 -> 52 | D42: 1 | F42: 12 | G42: 13 | J42: 15 | L42: 2 | M42: 7 | N42: 2 | O42: =SUM(C42:N42) -> 52 | Q42: ='LentonRd p208'!F133 -> 130 | R42: ='LentonRd p208'!I133+'LentonRd p208'!J133 -> 11 | S42: =B18 -> 22 | T42: =B42 -> 52 | U42: 5 | V42: 4 | W42: =Q42-R42-S42-T42-U42-V42 -> 36
A43: HW | B43: 2 | F43: 1 | G43: 1 | O43: =SUM(C43:N43) -> 2 | Q43: ='Hermitage Walkp 256'!F6 -> 3 | R43: ='Hermitage Walkp 256'!I6+'Hermitage Walkp 256'!J6 -> 0 | S43: =B19 -> 0 | T43: =O43 -> 2 | W43: =Q43-R43-S43-T43-U43-V43 -> 1
A44: KR | B44: ='Kenilworthrd p 259'!P30 -> 7 | F44: 1 | G44: 4 | J44: 2 | O44: =SUM(C44:N44) -> 7 | Q44: ='Kenilworthrd p 259'!F30 -> 27 | R44: ='Kenilworthrd p 259'!I30+'Kenilworthrd p 259'!J30 -> 6 | S44: =B20 -> 4 | T44: =O44 -> 7 | W44: =Q44-R44-S44-T44-U44-V44 -> 10
A45: FD | B45: ='fishpond drive p 286 418'!P23 -> 2 | G45: 1 | I45: 1 | Q45: ='fishpond drive p 286 418'!F23 -> 19 | R45: ='fishpond drive p 286 418'!I23 -> 3 | S45: =B21 -> 6 | T45: =B45 -> 2 | V45: 1 | W45: =Q45-R45-S45-T45-U45-V45 -> 7
A46: HD | B46: ='Hope Drive p.376'!P103 -> 12 | D46: 1 | G46: 8 | J46: 1 | K46: 1 | R46: ='Hope Drive p.376'!I103+'Hope Drive p.376'!J103 -> 15 | U46: 5 | V46: 1
A47: TOTAL | B47: =SUM(B26:B45) -> 285 | C47: =SUM(C26:C45) -> 1 | D47: =SUM(D26:D45) -> 2 | E47: =SUM(E26:E45) -> 2 | F47: =SUM(F26:F45) -> 71 | G47: =SUM(G26:G46) -> 90 | H47: =SUM(H26:H45) -> 3 | I47: =SUM(I26:I45) -> 5 | J47: =SUM(J26:J45) -> 74 | L47: =SUM(L26:L45) -> 8 | M47: =SUM(M26:M45) -> 19 | N47: =SUM(N26:N45) -> 18 | O47: =SUM(O26:O45) -> 283 | P47: =SUM(P26:P45) -> 0 | Q47: =SUM(Q26:Q45) -> 741 | R47: =SUM(R26:R45) -> 70 | S47: =SUM(S26:S45) -> 182 | T47: =SUM(T26:T45) -> 285 | U47: =SUM(U26:U46) -> 28 | V47: =SUM(V26:V45) -> 12 | W47: =SUM(W26:W45) -> 169
B48: % | C48: =C47/210 -> 0.0047619048 | D48: =D47/210 -> 0.0095238095 | E48: =E47/210 -> 0.0095238095 | F48: =F47/210 -> 0.33809524 | G48: =G47/210 -> 0.42857143 | H48: =H47/210 -> 0.014285714 | I48: =I47/210 -> 0.023809524 | J48: =J47/210 -> 0.35238095 | L48: =L47/210 -> 0.038095238 | M48: =M47/210 -> 0.09047619 | N48: =N47/210 -> 0.085714286 | Q48: % | R48: =R47/Q47 -> 0.094466937 | S48: =S47/Q47 -> 0.24561404 | T48: =T47/Q47 -> 0.38461538 | U48: =U47/Q47 -> 0.037786775 | V48: =V47/Q47 -> 0.016194332 | W48: =W47/Q47 -> 0.22807018

Sheet template
A1: House ID | B1: House Name | C1: NO. | D1: Address | E1: Family | F1: Name | G1: W/M/G/B | K1: Relationship to Head of family | Q1: Age | R1: Married/Single/Widow/er | S1: SINGLE | T1: Widow/er | U1: Married yrs | V1: Children born | W1: children living | X1: Personal Occupation | Y1: Industry | Z1: Economic participants | AA1: Employer/worker | AC1: Born | AE1: Note
A2: largest household | B2: smallest household | G2: W | H2: M | I2: G | J2: B | K2: HEAD women head | L2: WIFE | M2: daughter | N2: son | O2: Other | P2: Servant | Q2: If <15=child | R2: Married woman | S2: SINGLE woman | T2: Widow er | AA2: Employer | AB2: worker | AC2: Nottinghamshire | AD2: Other
A12: TOTAL | G12: =SUM(G3:G11) -> 0 | H12: =SUM(H3:H11) -> 0 | I12: =SUM(I3:I11) -> 0 | J12: =SUM(J3:J11) -> 0 | K12: =SUM(K3:K11) -> 0 | L12: =SUM(L3:L11) -> 0 | M12: =SUM(M3:M11) -> 0 | N12: =SUM(N3:N11) -> 0 | ... AD12: =SUM(AD3:AD11) -> 0
G13: =G12+H12+I12+J12 -> 0 | K13: =K12+L12+M12+N12+O12+P12 -> 0 | Q13: =Q12/K13
A42: TOTAL | G42: =SUM(G3:G41) -> 0 | H42: =SUM(H3:H41) -> 0 | I42: =SUM(I3:I41) -> 0 | J42: =SUM(J3:J41) -> 0 | K42: =SUM(K3:K41) -> 0 | L42: =SUM(L3:L41) -> 0 | M42: =SUM(M3:M41) -> 0 | N42: =SUM(N3:N41) -> 0 | P42: =SUM(P3:P41) -> 0 | Q42: =SUM(Q3:Q41) | R42: =SUM(R3:R41) -> 0 | S42: =SUM(S3:S41) -> 0 | T42: =SUM(T3:T41) -> 0 | U42: =SUM(U3:U41) -> 0 | V42: =SUM(V3:V41) -> 0 | W42: =SUM(W3:W41) -> 0 | Z42: =SUM(Z3:Z41) -> 0 | AA42: =SUM(AA3:AA41) -> 0 | AB42: =SUM(AB3:AB41) -> 0 | AC42: =SUM(AC3:AC41) -> 0 | AD42: =SUM(AD3:AD41) -> 0
